CustomerID,Recency,Frequency,Monetary,Churn,ChurnProbability,RiskLevel
12346.0,326,2,0.0,1,0.9999999999961382,High Risk
12347.0,2,7,4310.0,0,2.3960393507233015e-05,Low Risk
12348.0,75,4,1797.24,0,0.09967937162356341,Low Risk
12349.0,19,1,1757.55,0,0.00021409360834177143,Low Risk
12350.0,310,1,334.40000000000003,1,0.9999999999766784,High Risk
12352.0,36,11,1545.41,0,0.0011513503896953185,Low Risk
12353.0,204,1,89.0,1,0.9999963579092203,High Risk
12354.0,232,1,1079.4,1,0.9999998382928039,High Risk
12355.0,214,1,459.4,1,0.9999988015508733,High Risk
12356.0,23,3,2811.43,0,0.0003043465614428296,Low Risk
12357.0,33,1,6207.67,0,0.00084004466574459,Low Risk
12358.0,2,2,1168.06,0,3.151268833260012e-05,Low Risk
12359.0,8,6,6245.53,0,4.407274940021709e-05,Low Risk
12360.0,52,3,2662.06,0,0.008042495223559246,Low Risk
12361.0,287,1,189.9,1,0.9999999996889941,High Risk
12362.0,3,13,5154.58,0,2.2215646223702652e-05,Low Risk
12363.0,110,2,552.0,1,0.8653859510167706,High Risk
12364.0,8,4,1313.1,0,5.8652732837236275e-05,Low Risk
12365.0,291,3,320.69,1,0.999999999790711,High Risk
12367.0,4,1,168.9,0,4.247054603727038e-05,Low Risk
12370.0,51,4,3545.69,0,0.006726807724662579,Low Risk
12371.0,45,2,1887.96,0,0.0038969420760640357,Low Risk
12372.0,72,3,1298.04,0,0.07649343993505472,Low Risk
12373.0,311,1,364.6,1,0.9999999999791387,High Risk
12374.0,25,1,742.9300000000001,0,0.0004424814235627096,Low Risk
12375.0,3,3,455.42,0,3.5616323803191e-05,Low Risk
12377.0,315,2,1628.12,1,0.9999999999855393,High Risk
12378.0,130,1,4008.62,1,0.9816266082301552,High Risk
12379.0,82,3,850.29,0,0.20747400817915215,Low Risk
12380.0,22,5,2720.56,0,0.0002598981434252168,Low Risk
12381.0,5,6,1803.96,0,3.886082471953315e-05,Low Risk
12383.0,185,6,1839.31,1,0.9999616998578545,High Risk
12384.0,29,3,566.16,0,0.0006671496393244181,Low Risk
12386.0,338,2,401.9,1,0.9999999999989846,High Risk
12388.0,16,6,2780.6600000000003,0,0.00012841822439318832,Low Risk
12390.0,80,1,549.84,0,0.18207909090796404,Low Risk
12391.0,22,1,460.89,0,0.0003196592407720061,Low Risk
12393.0,72,4,1582.6,0,0.0738302415404069,Low Risk
12394.0,64,2,1272.48,0,0.033294422958070544,Low Risk
12395.0,16,15,2998.28,0,0.00010178018439674297,Low Risk
12397.0,36,2,2409.9,0,0.001378967959031772,Low Risk
12398.0,46,1,1635.66,0,0.004523389574243756,Low Risk
12399.0,119,4,1108.65,1,0.9427346502331815,High Risk
12401.0,303,1,84.3,1,0.9999999999492004,High Risk
12402.0,323,1,225.6,1,0.9999999999946554,High Risk
12403.0,50,2,409.7,0,0.007332005444604582,Low Risk
12405.0,149,1,1710.39,1,0.9980425085352896,High Risk
12406.0,22,3,3280.75,0,0.0002658089406404975,Low Risk
12407.0,50,5,1708.12,0,0.00640394598586771,Low Risk
12408.0,33,9,2842.57,0,0.000810303999812221,Low Risk
12409.0,79,7,11056.93,0,0.09389272559432922,Low Risk
12410.0,301,3,681.08,1,0.9999999999311655,High Risk
12412.0,75,3,1226.88,0,0.10444575883199249,Low Risk
12413.0,67,5,694.15,0,0.044107473173453836,Low Risk
12414.0,217,3,562.4100000000001,1,0.999999098297535,High Risk
12415.0,24,26,123725.45,0,5.870374425266058e-07,Low Risk
12417.0,3,12,3578.8,0,2.4557346636849574e-05,Low Risk
12418.0,113,1,668.58,1,0.9019106104688623,High Risk
12420.0,64,1,600.39,0,0.035175041920897675,Low Risk
12421.0,16,5,806.27,0,0.00014469119228921115,Low Risk
12422.0,96,3,803.5600000000001,1,0.5604590500404266,Medium Risk
12423.0,1,9,1849.11,0,2.2922041856739878e-05,Low Risk
12424.0,163,2,1760.96,1,0.9995855060289874,High Risk
12425.0,78,1,777.2,0,0.14942960580418485,Low Risk
12426.0,195,1,582.73,1,0.9999896955039815,High Risk
12427.0,12,5,708.37,0,9.253913858907124e-05,Low Risk
12428.0,26,12,7877.2,0,0.00026829002741028484,Low Risk
12429.0,9,4,3750.4,0,5.842363129552989e-05,Low Risk
12430.0,43,1,256.4,0,0.003447592115166065,Low Risk
12431.0,36,18,6416.39,0,0.0007672719331421272,Low Risk
12432.0,43,5,5059.32,0,0.0024835659176792517,Low Risk
12433.0,1,7,13375.87,0,1.3858109499457573e-05,Low Risk
12434.0,85,4,765.19,0,0.2646326572651533,Low Risk
12435.0,80,2,7829.89,0,0.13284892423963354,Low Risk
12436.0,100,1,509.01,1,0.6809650825918864,Medium Risk
12437.0,2,19,4896.66,0,1.732568505181432e-05,Low Risk
12438.0,14,2,2906.85,0,0.00011240397358039707,Low Risk
12441.0,367,1,173.55,1,0.9999999999999629,High Risk
12442.0,3,1,172.06,0,3.792972001065267e-05,Low Risk
12444.0,21,5,5005.46,0,0.00020807027972282493,Low Risk
12445.0,22,1,133.4,0,0.00032471575142747514,Low Risk
12446.0,58,1,1002.31,0,0.017837548855685063,Low Risk
12447.0,243,1,476.49,1,0.9999999546383728,High Risk
12448.0,44,1,449.45,0,0.003822763834081162,Low Risk
12449.0,22,4,4067.29,0,0.0002497381608167464,Low Risk
12450.0,156,2,197.88,1,0.9991525819048802,High Risk
12451.0,11,6,8933.52,0,5.436699401974471e-05,Low Risk
12452.0,17,3,428.5700000000001,0,0.00017328850587741397,Low Risk
12453.0,134,1,707.09,1,0.9899322228580438,High Risk
12454.0,53,2,5.684341886080803e-14,0,0.010459606401078863,Low Risk
12455.0,73,6,2466.86,0,0.07529226800027325,Low Risk
12456.0,44,4,3153.89,0,0.003120537720796802,Low Risk
12457.0,58,12,1917.78,0,0.013076727563105935,Low Risk
12458.0,71,2,947.4,0,0.07159666580064379,Low Risk
12461.0,94,2,826.88,1,0.5101796269199828,Medium Risk
12462.0,2,4,1124.01,0,3.00587667694033e-05,Low Risk
12463.0,46,7,1303.63,0,0.003965736906930385,Low Risk
12464.0,10,8,1212.05,0,6.692882479226534e-05,Low Risk
12465.0,8,3,733.89,0,6.181045781222194e-05,Low Risk
12468.0,143,3,724.04,1,0.9961448961625298,High Risk
12471.0,2,49,18740.92,0,4.25579020563268e-06,Low Risk
12472.0,31,13,6229.4800000000005,0,0.0004980992389580824,Low Risk
12473.0,29,9,2848.23,0,0.0005157990904354116,Low Risk
12474.0,17,30,7116.47,0,6.460162016547563e-05,Low Risk
12475.0,54,1,723.38,0,0.011580383068962339,Low Risk
12476.0,1,20,6546.58,0,1.3950198990511205e-05,Low Risk
12477.0,23,9,13117.01,0,0.0001601674969563308,Low Risk
12478.0,4,1,680.99,0,4.1440659710931774e-05,Low Risk
12479.0,4,3,477.3,0,3.98323666744612e-05,Low Risk
12480.0,28,4,3281.63,0,0.0005104994392762068,Low Risk
12481.0,23,11,5590.86,0,0.00021868055328644944,Low Risk
12483.0,17,13,2327.13,0,0.00012362417627395092,Low Risk
12484.0,33,8,4495.27,0,0.000767315090531266,Low Risk
12488.0,10,3,1298.66,0,7.540261624676428e-05,Low Risk
12489.0,336,1,334.93,1,0.9999999999987623,High Risk
12490.0,5,10,5417.93,0,2.960804113843447e-05,Low Risk
12491.0,39,1,460.4,0,0.002175929938381863,Low Risk
12492.0,63,2,263.21000000000004,0,0.03127841202170368,Low Risk
12493.0,166,3,416.79,1,0.9997160954182999,High Risk
12494.0,10,13,1139.35,0,5.936766709826908e-05,Low Risk
12497.0,82,1,1043.1,0,0.21414594261064704,Low Risk
12498.0,21,3,403.7000000000001,0,0.00027253481676420385,Low Risk
12500.0,23,13,4206.27,0,0.00022243515833077706,Low Risk
12501.0,315,2,2089.68,1,0.9999999999852158,High Risk
12502.0,96,5,3723.87,1,0.5134163127474678,Medium Risk
12503.0,338,1,-1126.0,1,0.9999999999990794,High Risk
12504.0,18,4,114.0,0,0.0001921494873521851,Low Risk
12505.0,301,1,-4.5,1,0.9999999999365985,High Risk
12506.0,233,1,73.5,1,0.9999998623607519,High Risk
12507.0,134,4,1258.06,1,0.9888803517689216,High Risk
12508.0,26,2,398.27,0,0.0004913352810856526,Low Risk
12509.0,284,1,176.5,1,0.9999999995638631,High Risk
12510.0,143,2,982.57,1,0.9961917710631977,High Risk
12512.0,66,2,138.03,0,0.043594065814139264,Low Risk
12513.0,85,2,586.79,0,0.2760528621008162,Low Risk
12514.0,267,1,1017.68,1,0.9999999969033595,High Risk
12515.0,353,1,383.7,1,0.9999999999998181,High Risk
12516.0,78,2,1312.06,0,0.14314664410068187,Low Risk
12517.0,28,6,2464.89,0,0.000505323939023665,Low Risk
12518.0,1,5,2056.89,0,2.5049006940952208e-05,Low Risk
12519.0,64,1,340.84000000000003,0,0.03559976975091941,Low Risk
12520.0,79,6,2582.51,0,0.13751660835121768,Low Risk
12521.0,143,1,599.68,1,0.9963515786935743,High Risk
12522.0,39,2,192.72,0,0.0021503693765549323,Low Risk
12523.0,2,13,1745.57,0,2.33662544638084e-05,Low Risk
12524.0,9,8,4485.72,0,5.1099706040448227e-05,Low Risk
12526.0,1,3,1316.66,0,2.7266730170454796e-05,Low Risk
12527.0,82,3,348.71000000000004,0,0.21145558408087406,Low Risk
12528.0,9,8,1922.28,0,5.778111373051471e-05,Low Risk
12530.0,60,5,1623.63,0,0.019626033392207677,Low Risk
12531.0,15,1,125.22,0,0.00014738048156926652,Low Risk
12532.0,30,1,349.83000000000004,0,0.0007927733529772484,Low Risk
12534.0,131,1,1089.18,1,0.98567319665248,High Risk
12535.0,92,2,716.35,1,0.45516205616664834,Medium Risk
12536.0,8,5,4106.82,0,5.0050816475978634e-05,Low Risk
12538.0,29,1,363.95,0,0.0007076974884572774,Low Risk
12539.0,22,5,3852.5,0,0.0002461740837201902,Low Risk
12540.0,20,19,13309.04,0,8.837189479060459e-05,Low Risk
12541.0,30,3,981.18,0,0.0007321477753228614,Low Risk
12544.0,30,2,355.7,0,0.0007732488755847295,Low Risk
12545.0,75,2,1000.39,0,0.10781636226795441,Low Risk
12546.0,47,3,1141.5,0,0.0049338457424628205,Low Risk
12547.0,198,2,207.8,1,0.9999926072692239,High Risk
12548.0,166,1,95.2,1,0.9997338952414428,High Risk
12550.0,79,1,964.83,0,0.16312638974108332,Low Risk
12551.0,358,1,168.0,1,0.9999999999998976,High Risk
12552.0,39,2,437.82,0,0.0021253038706115484,Low Risk
12553.0,8,14,3652.25,0,4.0967079244582456e-05,Low Risk
12556.0,50,2,603.71,0,0.007264621661342963,Low Risk
12557.0,16,5,11990.96,0,8.464566633569777e-05,Low Risk
12558.0,2,2,1.0658141036401504e-14,0,3.332755757881551e-05,Low Risk
12559.0,311,3,536.21,1,0.9999999999779023,High Risk
12560.0,5,4,2101.39,0,4.0248621126820765e-05,Low Risk
12561.0,303,1,238.85,1,0.9999999999488227,High Risk
12562.0,8,7,3781.74,0,4.838914634825806e-05,Low Risk
12564.0,261,1,456.9,1,0.9999999940641655,High Risk
12565.0,282,2,131.17000000000002,1,0.999999999440907,High Risk
12566.0,73,2,346.7,0,0.09048208895171812,Low Risk
12567.0,23,11,9114.94,0,0.00018469457870951578,Low Risk
12569.0,2,35,4064.99,0,1.2149308838262908e-05,Low Risk
12571.0,40,2,519.61,0,0.002369497620550986,Low Risk
12572.0,9,3,1004.72,0,6.830694953316274e-05,Low Risk
12573.0,227,1,160.54000000000002,1,0.9999997278422362,High Risk
12574.0,316,1,218.45,1,0.9999999999882219,High Risk
12576.0,36,6,1306.98,0,0.0013172843601014098,Low Risk
12577.0,35,4,595.4,0,0.0012790831579712711,Low Risk
12578.0,21,4,2753.36,0,0.00023757547956939086,Low Risk
12579.0,73,3,410.72,0,0.08822471643245207,Low Risk
12580.0,247,1,415.7,1,0.9999999712097499,High Risk
12581.0,40,1,197.71,0,0.0024662215885683895,Low Risk
12582.0,239,2,511.36,1,0.999999926834191,High Risk
12583.0,3,18,7187.34,0,1.781390056694698e-05,Low Risk
12584.0,4,18,1893.95,0,2.570440261383276e-05,Low Risk
12585.0,234,4,1982.81,1,0.9999998549233604,High Risk
12586.0,17,2,179.94000000000003,0,0.00017974607232100115,Low Risk
12587.0,8,1,144.0,0,6.679950577581966e-05,Low Risk
12588.0,39,1,214.9,0,0.0022016333277274126,Low Risk
12589.0,29,2,646.68,0,0.0006811719700843578,Low Risk
12590.0,190,3,9861.38,1,0.9999702934431266,High Risk
12591.0,317,1,452.85,1,0.9999999999893607,High Risk
12592.0,92,2,437.6,1,0.45847790835045205,Medium Risk
12593.0,109,3,418.1,1,0.8493586219461644,High Risk
12594.0,38,11,3320.2200000000003,0,0.0013251634605981652,Low Risk
12596.0,51,2,618.27,0,0.00812044247500744,Low Risk
12597.0,19,5,3683.13,0,0.00017687462054991477,Low Risk
12598.0,10,9,3002.68,0,5.9926593526219893e-05,Low Risk
12599.0,29,7,1032.58,0,0.0005911278501282097,Low Risk
12600.0,29,11,2581.04,0,0.0004973011019304872,Low Risk
12601.0,190,6,569.5600000000001,1,0.9999795096119404,High Risk
12602.0,59,1,153.12,0,0.02073838669187064,Low Risk
12603.0,22,1,739.1999999999999,0,0.0003154239994312702,Low Risk
12604.0,79,2,254.18,0,0.16441283251818642,Low Risk
12605.0,365,1,-7.5,1,0.999999999999954,High Risk
12607.0,58,2,7.105427357601002e-15,0,0.018251724661556234,Low Risk
12609.0,78,3,1126.85,0,0.14122011322085265,Low Risk
12610.0,23,7,2057.99,0,0.0002858899148050441,Low Risk
12611.0,52,1,1193.32,0,0.009056442502864727,Low Risk
12612.0,58,2,643.59,0,0.01770701534401755,Low Risk
12613.0,31,6,3218.98,0,0.0006837942638803374,Low Risk
12614.0,278,1,315.6,1,0.9999999991354596,High Risk
12615.0,2,4,2291.19,0,2.842309516206165e-05,Low Risk
12616.0,85,5,657.25,0,0.26085537709365997,Low Risk
12617.0,29,1,355.53000000000003,0,0.0007079830060534816,Low Risk
12618.0,22,1,177.31,0,0.000324033158026411,Low Risk
12619.0,16,13,3214.81,0,0.00010582429842558352,Low Risk
12620.0,15,3,1339.41,0,0.0001323534349101681,Low Risk
12621.0,2,23,13612.07,0,1.033655771825602e-05,Low Risk
12622.0,232,1,180.1,1,0.999999845116174,High Risk
12623.0,276,1,305.1,1,0.9999999989169326,High Risk
12624.0,106,2,641.13,1,0.802940586008202,High Risk
12625.0,212,3,2614.32,1,0.9999982501320723,High Risk
12626.0,23,13,6388.35,0,0.00020034682920523725,Low Risk
12627.0,11,7,4478.53,0,6.566993211066083e-05,Low Risk
12628.0,4,4,769.61,0,3.8320829380855476e-05,Low Risk
12630.0,10,2,1270.88,0,7.738912701533381e-05,Low Risk
12631.0,57,1,640.5,0,0.016237918769155864,Low Risk
12633.0,59,5,2140.63,0,0.017144397777785418,Low Risk
12635.0,90,2,1689.18,0,0.3888070322584338,Medium Risk
12637.0,67,10,5953.25,0,0.030723938051058004,Low Risk
12638.0,33,1,671.69,0,0.0010950897652189583,Low Risk
12639.0,239,1,486.1,1,0.9999999287038217,High Risk
12640.0,24,3,1174.58,0,0.00036852237547129965,Low Risk
12641.0,115,1,185.9,1,0.9218414209389952,High Risk
12642.0,25,3,1013.26,0,0.00041576352224468585,Low Risk
12643.0,128,6,3344.64,1,0.974935231244332,High Risk
12644.0,130,1,477.91,1,0.9844430379999942,High Risk
12645.0,34,5,1755.38,0,0.00105459420818151,Low Risk
12646.0,5,2,1346.97,0,4.384180135437661e-05,Low Risk
12647.0,22,13,3669.92,0,0.00020386085123008999,Low Risk
12648.0,155,1,318.05,1,0.999069124189919,High Risk
12649.0,107,4,603.71,1,0.8130800504927902,High Risk
12650.0,3,1,314.44,0,3.767171745760751e-05,Low Risk
12651.0,335,1,114.0,1,0.9999999999986289,High Risk
12652.0,322,2,914.53,1,0.9999999999936611,High Risk
12653.0,149,2,2209.85,1,0.9979451873844254,High Risk
12654.0,11,5,601.98,0,8.308070898626917e-05,Low Risk
12656.0,17,8,3982.72,0,0.00012918496745689657,Low Risk
12657.0,11,5,1152.06,0,8.091863644843937e-05,Low Risk
12658.0,19,1,686.05,0,0.00022537578826963174,Low Risk
12659.0,30,1,91.68,0,0.0008026374106980052,Low Risk
12660.0,11,1,245.1,0,9.328032059029773e-05,Low Risk
12662.0,1,12,3817.08,0,1.9370193691634427e-05,Low Risk
12664.0,8,10,4863.88,0,4.26650643002555e-05,Low Risk
12665.0,325,2,61.75,1,0.9999999999956637,High Risk
12666.0,359,1,-227.44,1,0.9999999999999103,High Risk
12667.0,58,1,620.13,0,0.01816138165901112,Low Risk
12668.0,7,6,3743.18,0,4.438376545512086e-05,Low Risk
12669.0,151,4,1607.73,1,0.9983260396953452,High Risk
12670.0,10,6,2986.15,0,6.458174608438421e-05,Low Risk
12672.0,330,1,225.9,1,0.9999999999975755,High Risk
12673.0,5,2,610.52,0,4.5417212566822206e-05,Low Risk
12674.0,12,7,1919.31,0,8.311624759954077e-05,Low Risk
12676.0,25,6,1331.39,0,0.00038026847907611863,Low Risk
12678.0,42,13,17588.26,0,0.0010002255697635692,Low Risk
12679.0,52,9,1058.67,0,0.0074940581543738866,Low Risk
12680.0,1,4,862.81,0,2.718730494673076e-05,Low Risk
12681.0,15,27,13677.59,0,4.052394213174853e-05,Low Risk
12682.0,4,31,12288.22,0,1.1331788521257582e-05,Low Risk
12683.0,4,20,8221.09,0,1.8065448757096893e-05,Low Risk
12684.0,8,7,2283.63,0,5.199203366613533e-05,Low Risk
12685.0,28,6,2863.08,0,0.0004957740266898307,Low Risk
12686.0,372,1,89.14,1,0.9999999999999789,High Risk
12688.0,114,1,4873.81,1,0.8937820343023298,High Risk
12689.0,26,2,1247.61,0,0.0004717406945275614,Low Risk
12690.0,206,1,389.01,1,0.9999970521291721,High Risk
12691.0,28,6,1035.8,0,0.0005411376297404944,Low Risk
12693.0,121,6,830.96,1,0.9521617818844932,High Risk
12694.0,70,2,869.67,0,0.06466889228121736,Low Risk
12695.0,7,4,582.1,0,5.425816152017538e-05,Low Risk
12697.0,21,5,939.02,0,0.00025284433545733656,Low Risk
12700.0,8,6,4867.99,0,4.708135991773255e-05,Low Risk
12701.0,80,2,797.71,0,0.1766978889237559,Low Risk
12702.0,20,1,219.0,0,0.0002580247531372013,Low Risk
12703.0,64,2,274.7,0,0.03486881869661609,Low Risk
12704.0,7,10,2220.84,0,4.3256903334921975e-05,Low Risk
12705.0,15,14,6814.24,0,7.760642723322054e-05,Low Risk
12707.0,292,1,603.42,1,0.9999999998196334,High Risk
12708.0,30,16,2616.32,0,0.0004913056852756066,Low Risk
12709.0,3,26,9294.1,0,1.3218143174596488e-05,Low Risk
12710.0,97,4,1130.57,1,0.5782522837603691,Medium Risk
12712.0,23,17,4241.63,0,0.00020119277901501273,Low Risk
12713.0,1,1,848.55,0,2.9296126003920848e-05,Low Risk
12714.0,9,5,4708.86,0,5.444014501761686e-05,Low Risk
12715.0,106,1,353.86,1,0.8089530326606911,High Risk
12716.0,4,2,1053.49,0,3.9715130995853686e-05,Low Risk
12717.0,151,3,980.98,1,0.9984150374144065,High Risk
12718.0,71,1,238.25,0,0.07559592207202206,Low Risk
12719.0,5,3,608.1,0,4.4315465786568283e-05,Low Risk
12720.0,3,29,5713.28,0,1.4573836677755221e-05,Low Risk
12721.0,32,7,2628.98,0,0.0007682469121256101,Low Risk
12722.0,85,6,904.33,0,0.2538758028396788,Low Risk
12723.0,4,5,725.07,0,3.7466796897801115e-05,Low Risk
12724.0,5,4,1031.41,0,4.2366920524610083e-05,Low Risk
12725.0,371,1,427.8,1,0.999999999999976,High Risk
12726.0,28,7,2609.1,0,0.0004896189828326073,Low Risk
12727.0,11,9,3947.7,0,6.411903761619488e-05,Low Risk
12728.0,71,4,836.33,0,0.0687249589120524,Low Risk
12729.0,114,1,453.01,1,0.912288191269187,High Risk
12731.0,24,14,18793.41,0,0.00012074636433158568,Low Risk
12732.0,180,1,236.26,1,0.9999448608999802,High Risk
12733.0,234,1,383.95,1,0.9999998752152748,High Risk
12734.0,353,1,110.4,1,0.9999999999998204,High Risk
12735.0,315,2,779.5699999999999,1,0.9999999999861158,High Risk
12736.0,333,1,234.0,1,0.9999999999982716,High Risk
12738.0,372,1,155.35,1,0.9999999999999789,High Risk
12739.0,78,2,1013.04,0,0.14491390555397687,Low Risk
12740.0,64,1,427.6,0,0.035457248894750236,Low Risk
12743.0,134,2,546.43,1,0.9897616526129841,High Risk
12744.0,52,10,9120.39,0,0.004980304377938387,Low Risk
12747.0,2,11,4196.01,0,2.1827502382330553e-05,Low Risk
12748.0,1,224,29072.1,0,3.087028015194096e-08,Low Risk
12749.0,4,8,3868.2,0,2.9926940354861816e-05,Low Risk
12750.0,129,1,275.88,1,0.982780174622573,High Risk
12752.0,81,1,4366.78,0,0.17187770791039328,Low Risk
12753.0,4,11,21024.01,0,1.2210705159944803e-05,Low Risk
12754.0,236,5,2949.12,1,0.9999998757366214,High Risk
12755.0,250,4,2203.2000000000003,1,0.9999999759300163,High Risk
12756.0,87,1,112.08,0,0.3338470480192278,Medium Risk
12757.0,16,19,4227.7,0,8.693792518341212e-05,Low Risk
12758.0,117,2,2791.59,1,0.9271627250953439,High Risk
12759.0,52,3,1531.44,0,0.008486637311700634,Low Risk
12762.0,8,2,1898.52,0,5.9914424880265556e-05,Low Risk
12763.0,138,2,494.08,1,0.993474877770351,High Risk
12764.0,317,1,1693.88,1,0.9999999999887086,High Risk
12766.0,4,7,6989.63,0,2.6411446943856557e-05,Low Risk
12769.0,239,1,1143.6,1,0.9999999264207607,High Risk
12770.0,211,1,1351.45,1,0.9999982448070454,High Risk
12772.0,60,1,892.47,0,0.02237181364430686,Low Risk
12775.0,17,6,1351.24,0,0.00015396437682001636,Low Risk
12778.0,20,7,804.23,0,0.00021637094821136884,Low Risk
12779.0,21,12,3868.7,0,0.00018487370481206356,Low Risk
12781.0,21,5,707.72,0,0.0002556628541124787,Low Risk
12782.0,5,6,2273.32,0,3.799621958866554e-05,Low Risk
12783.0,2,8,1603.87,0,2.661447874105462e-05,Low Risk
12784.0,9,2,574.42,0,7.147239139264827e-05,Low Risk
12785.0,3,2,305.71,0,3.676897717488005e-05,Low Risk
12787.0,10,3,463.66,0,7.848192433783359e-05,Low Risk
12789.0,65,1,91.85,0,0.040144323380101474,Low Risk
12790.0,192,1,324.92,1,0.9999857179472293,High Risk
12791.0,374,1,192.6,1,0.9999999999999831,High Risk
12792.0,257,1,400.54,1,0.9999999906999363,High Risk
12793.0,335,2,545.48,1,0.9999999999985654,High Risk
12794.0,53,2,860.41,0,0.010041193600104888,Low Risk
12795.0,19,1,430.48,0,0.0002281534175034501,Low Risk
12797.0,360,3,194.18,1,0.9999999999999141,High Risk
12798.0,10,3,6977.04,0,5.7434290465985594e-05,Low Risk
12802.0,184,2,412.58,1,0.9999637191643895,High Risk
12808.0,37,3,483.65,0,0.0016514606792467923,Low Risk
12809.0,168,2,484.36,1,0.9997782817649362,High Risk
12811.0,261,3,514.85,1,0.9999999937465407,High Risk
12812.0,45,1,229.64,0,0.004322949384469773,Low Risk
12814.0,102,1,125.92,1,0.7315367369934314,High Risk
12815.0,148,2,1063.46,1,0.9978228131724893,High Risk
12816.0,96,2,572.2,1,0.569249824504954,Medium Risk
12817.0,281,1,166.04000000000002,1,0.9999999993883002,High Risk
12818.0,178,2,1517.88,1,0.9999246750542647,High Risk
12820.0,3,4,942.34,0,3.394659348186744e-05,Low Risk
12821.0,214,1,92.72,1,0.9999988224336311,High Risk
12822.0,71,3,918.98,0,0.07006248756468386,Low Risk
12823.0,75,5,1759.5,0,0.09764606113218623,Low Risk
12824.0,60,1,397.12,0,0.022897120987178183,Low Risk
12826.0,3,8,1468.12,0,2.9990739933023292e-05,Low Risk
12827.0,6,3,430.15,0,5.003824999866264e-05,Low Risk
12828.0,3,6,1018.71,0,3.219399770692428e-05,Low Risk
12829.0,322,3,253.05,1,0.9999999999937055,High Risk
12830.0,38,7,6748.4,0,0.001241069053213422,Low Risk
12831.0,262,1,215.05,1,0.9999999947591454,High Risk
12832.0,32,2,383.03,0,0.0009677307330422665,Low Risk
12833.0,145,1,417.38,1,0.9971122991016911,High Risk
12834.0,283,1,312.38,1,0.9999999995085307,High Risk
12836.0,59,4,2612.86,0,0.01717874079682071,Low Risk
12837.0,173,1,134.1,1,0.9998790474974284,High Risk
12838.0,34,2,683.13,0,0.0011953533859071924,Low Risk
12839.0,3,16,5583.62,0,2.0210600449427702e-05,Low Risk
12840.0,144,6,2714.27,1,0.9959217043698682,High Risk
12841.0,5,26,3876.4,0,2.1480841210754636e-05,Low Risk
12842.0,70,2,1118.99,0,0.06394968847601364,Low Risk
12843.0,66,9,1680.76,0,0.034391770812005534,Low Risk
12844.0,29,2,325.96000000000004,0,0.0006917187116843965,Low Risk
12845.0,267,4,354.09000000000003,1,0.9999999967698476,High Risk
12847.0,22,1,871.54,0,0.0003134298125170323,Low Risk
12849.0,31,2,1050.89,0,0.0008372634229143134,Low Risk
12851.0,97,1,135.18,1,0.6076262257727086,Medium Risk
12852.0,290,2,299.75,1,0.9999999997716302,High Risk
12853.0,108,9,1881.7,1,0.8019360829222535,High Risk
12854.0,79,5,1289.15,0,0.14812368940701495,Low Risk
12855.0,373,1,38.1,1,0.9999999999999813,High Risk
12856.0,8,8,2162.68,0,5.1019872211486914e-05,Low Risk
12857.0,211,2,1106.4,1,0.9999982219704441,High Risk
12863.0,52,2,504.2,0,0.009131790884062642,Low Risk
12864.0,138,1,147.12,1,0.9937372702925948,High Risk
12865.0,26,3,1548.07,0,0.0004536695645196089,Low Risk
12866.0,283,1,559.12,1,0.9999999995026829,High Risk
12867.0,26,10,3986.22,0,0.0003396371232515376,Low Risk
12868.0,186,6,1607.0600000000002,1,0.9999661684006084,High Risk
12870.0,366,1,-14.9,1,0.9999999999999589,High Risk
12871.0,84,2,380.64,0,0.25594123286655907,Low Risk
12872.0,327,2,599.97,1,0.99999999999645,High Risk
12873.0,282,1,374.0,1,0.9999999994481468,High Risk
12875.0,143,2,343.2300000000001,1,0.9963062966120035,High Risk
12876.0,58,2,2218.02,0,0.016440893104905454,Low Risk
12877.0,4,12,1535.77,0,3.0322072533314782e-05,Low Risk
12878.0,18,3,841.64,0,0.00019019835229312936,Low Risk
12879.0,45,4,552.57,0,0.003954299016598716,Low Risk
12881.0,276,1,298.0,1,0.9999999989173012,High Risk
12882.0,9,2,1463.04,0,6.849181617258666e-05,Low Risk
12883.0,25,4,703.47,0,0.00041170098464284163,Low Risk
12884.0,88,1,309.05,0,0.35724309332443915,Medium Risk
12885.0,63,4,1158.27,0,0.028600686916111954,Low Risk
12886.0,68,3,1351.09,0,0.049962362751348244,Low Risk
12888.0,214,4,313.77,1,0.9999987184497626,High Risk
12890.0,24,1,380.47,0,0.00040217449467224657,Low Risk
12891.0,186,3,331.0,1,0.9999704464972274,High Risk
12893.0,31,1,188.14,0,0.0008943667282120325,Low Risk
12895.0,42,3,347.3,0,0.002919959347395481,Low Risk
12897.0,205,2,216.5,1,0.9999966451195268,High Risk
12901.0,9,36,16293.1,0,1.453978397813186e-05,Low Risk
12902.0,265,1,138.68,1,0.9999999962788351,High Risk
12904.0,18,2,509.58,0,0.00019807642293520134,Low Risk
12906.0,12,5,2919.81,0,8.323149008852642e-05,Low Risk
12908.0,59,4,246.0,0,0.019203194128637618,Low Risk
12909.0,40,8,2128.83,0,0.0018926225011462988,Low Risk
12910.0,23,8,3075.04,0,0.0002656542620553628,Low Risk
12912.0,3,5,1662.3,0,3.199569697578026e-05,Low Risk
12913.0,5,5,2483.63,0,3.855471937359424e-05,Low Risk
12915.0,149,2,363.65,1,0.998118907159281,High Risk
12916.0,139,5,2982.35,1,0.9929325852499259,High Risk
12917.0,128,1,594.0,1,0.9804712336709742,High Risk
12919.0,8,8,1301.44,0,5.317032450402386e-05,Low Risk
12920.0,17,1,164.23,0,0.00018437434862093982,Low Risk
12921.0,4,50,16389.74,0,5.82510122832765e-06,Low Risk
12922.0,161,1,405.38,1,0.9995250567126607,High Risk
12923.0,64,1,176.97,0,0.03587046590162135,Low Risk
12924.0,88,5,929.95,0,0.3283154538806871,Medium Risk
12925.0,5,2,694.05,0,4.52357165402792e-05,Low Risk
12928.0,35,5,2062.7,0,0.0011632797396215729,Low Risk
12929.0,122,2,105.1,1,0.9622153193189217,High Risk
12930.0,78,4,409.9,0,0.14240006672114913,Low Risk
12931.0,22,20,33462.81,0,4.112531087837651e-05,Low Risk
12933.0,24,4,606.28,0,0.00036947013932815643,Low Risk
12935.0,2,8,2156.45,0,2.591872537596924e-05,Low Risk
12936.0,17,5,1012.9,0,0.00016039013843804773,Low Risk
12937.0,15,4,1504.27,0,0.00012811166635146162,Low Risk
12938.0,26,1,114.14,0,0.0005105063890787376,Low Risk
12939.0,64,8,11581.8,0,0.017796887960693095,Low Risk
12940.0,46,4,876.29,0,0.004357109048502027,Low Risk
12942.0,131,3,683.9,1,0.9852444793157106,High Risk
12943.0,301,1,-3.75,1,0.999999999936596,High Risk
12944.0,36,2,604.51,0,0.0015034464587051967,Low Risk
12945.0,288,1,462.95,1,0.9999999997185449,High Risk
12947.0,144,11,1407.29,1,0.9956675173265979,High Risk
12948.0,16,8,2053.7,0,0.00012656995128950232,Low Risk
12949.0,31,10,4143.02,0,0.0005927377372028953,Low Risk
12950.0,2,3,1843.0,0,2.9765833637998835e-05,Low Risk
12951.0,9,8,1042.07,0,6.0271313715634924e-05,Low Risk
12952.0,6,5,1382.84,0,4.5502702272948025e-05,Low Risk
12953.0,10,1,329.85,0,8.29823313788351e-05,Low Risk
12955.0,1,14,4734.26,0,1.764440963732481e-05,Low Risk
12956.0,306,1,108.07,1,0.9999999999637572,High Risk
12957.0,4,12,3979.04,0,2.697067707825761e-05,Low Risk
12962.0,7,2,266.39,0,5.787201138462775e-05,Low Risk
12963.0,8,9,1841.03,0,5.054989425881966e-05,Low Risk
12965.0,89,1,771.91,0,0.3783375479495999,Medium Risk
12966.0,10,1,160.18,0,8.365999608255167e-05,Low Risk
12967.0,3,4,1194.75,0,3.353831514898829e-05,Low Risk
12968.0,112,1,135.95,1,0.8939027937107961,High Risk
12970.0,7,4,452.24,0,5.4596976305956276e-05,Low Risk
12971.0,4,89,10930.26,0,2.8909824116847276e-06,Low Risk
12974.0,198,1,144.8,1,0.9999928091983734,High Risk
12976.0,212,1,738.6,1,0.9999984776267637,High Risk
12977.0,156,1,39.24,1,0.9991794774067668,High Risk
12980.0,156,12,7092.06,1,0.9984916356017871,High Risk
12981.0,30,2,372.22,0,0.0007726372089965622,Low Risk
12982.0,240,2,377.2,1,0.9999999350662321,High Risk
12984.0,19,1,97.5,0,0.0002318237752978254,Low Risk
12985.0,1,3,1215.62,0,2.73991215786632e-05,Low Risk
12987.0,74,3,545.0,0,0.09717503727448999,Low Risk
12988.0,292,1,535.32,1,0.9999999998202211,High Risk
12989.0,3,19,6854.51,0,1.765926149903723e-05,Low Risk
12990.0,31,3,409.5,0,0.0008423595811439935,Low Risk
12991.0,23,2,503.76,0,0.00034842602675902895,Low Risk
12993.0,23,4,414.76,0,0.00033307204514336817,Low Risk
12994.0,4,5,902.22,0,3.714997015205467e-05,Low Risk
12995.0,78,2,200.72,0,0.1498064155141157,Low Risk
12997.0,22,7,1197.94,0,0.00026611486783078317,Low Risk
12999.0,196,3,455.88,1,0.9999903888863685,High Risk
13000.0,107,3,534.85,1,0.8172946271591925,High Risk
13001.0,4,15,9797.92,0,1.8949559784850314e-05,Low Risk
13002.0,318,1,120.95,1,0.9999999999906468,High Risk
13003.0,106,3,149.05,1,0.8027689318651325,High Risk
13004.0,12,22,5613.43,0,4.8089454403483855e-05,Low Risk
13005.0,174,3,468.95,1,0.9998846609230332,High Risk
13006.0,56,1,81.57,0,0.014917814225717354,Low Risk
13008.0,323,2,178.47,1,0.9999999999945344,High Risk
13011.0,372,1,50.55,1,0.9999999999999791,High Risk
13012.0,9,11,1311.62,0,5.5252608803655816e-05,Low Risk
13013.0,1,15,4786.99,0,1.7170916922222672e-05,Low Risk
13014.0,3,16,3365.43,0,2.2478151335979037e-05,Low Risk
13015.0,53,5,3346.28,0,0.008291796745531895,Low Risk
13016.0,73,3,789.89,0,0.08677342480146809,Low Risk
13017.0,7,1,204.0,0,5.9495325107537454e-05,Low Risk
13018.0,16,29,7272.75,0,5.870348417808696e-05,Low Risk
13021.0,4,12,2584.4,0,2.8835482308343184e-05,Low Risk
13023.0,64,2,689.9,0,0.03420514057746239,Low Risk
13026.0,1,8,936.15,0,2.454574945399839e-05,Low Risk
13027.0,114,6,6912.0,1,0.8708939684897127,High Risk
13028.0,23,3,659.68,0,0.00033740625244623303,Low Risk
13029.0,31,3,1247.5,0,0.0008092168182762344,Low Risk
13030.0,11,2,799.48,0,8.86204459318224e-05,Low Risk
13032.0,39,3,996.52,0,0.0020189207241640647,Low Risk
13033.0,357,1,190.55,1,0.9999999999998852,High Risk
13034.0,55,2,642.77,0,0.01268365880300885,Low Risk
13035.0,58,3,886.63,0,0.017086130160436783,Low Risk
13037.0,138,3,881.07,1,0.9931885969950843,High Risk
13038.0,80,3,908.46,0,0.1723781653319451,Low Risk
13040.0,9,2,676.99,0,7.11218385183805e-05,Low Risk
13043.0,254,2,471.57,1,0.9999999865781017,High Risk
13044.0,291,1,560.47,1,0.9999999997984854,High Risk
13045.0,99,1,305.28000000000003,1,0.6581471821531574,Medium Risk
13046.0,31,2,629.31,0,0.0008543423265865753,Low Risk
13047.0,32,18,3079.1,0,0.0005732418894408412,Low Risk
13048.0,14,5,1805.91,0,0.00011004137865767157,Low Risk
13049.0,64,2,656.6800000000001,0,0.034257789700939185,Low Risk
13050.0,9,28,5684.61,0,2.9454163729339805e-05,Low Risk
13052.0,212,1,348.15000000000003,1,0.9999985058574064,High Risk
13055.0,64,4,1201.96,0,0.031846212676724564,Low Risk
13058.0,25,3,271.40000000000003,0,0.0004308094804303214,Low Risk
13059.0,250,1,183.4,1,0.9999999797102908,High Risk
13060.0,254,1,307.53000000000003,1,0.9999999870078018,High Risk
13061.0,72,1,248.61,0,0.08383739456209698,Low Risk
13062.0,191,1,346.98,1,0.9999839936039159,High Risk
13064.0,13,4,1119.49,0,0.00010411693654040787,Low Risk
13065.0,373,1,205.86,1,0.9999999999999811,High Risk
13066.0,24,3,430.9,0,0.00038189269504162044,Low Risk
13067.0,82,1,115.46,0,0.22172487393797763,Low Risk
13068.0,10,2,344.0,0,8.090510263168733e-05,Low Risk
13069.0,1,27,3717.82,0,1.3441966495512028e-05,Low Risk
13070.0,192,1,228.8,1,0.9999857836057455,High Risk
13072.0,267,1,177.15,1,0.9999999970256568,High Risk
13075.0,130,1,919.61,1,0.9841153975962739,High Risk
13077.0,1,4,729.27,0,2.7361907097739463e-05,Low Risk
13078.0,1,43,12432.28,0,5.964527875547405e-06,Low Risk
13079.0,4,5,220.1,0,3.838482470232785e-05,Low Risk
13080.0,179,1,58.08,1,0.9999387943169807,High Risk
13081.0,1,21,27964.48,0,4.874735868147982e-06,Low Risk
13082.0,126,10,3595.48,1,0.9652539968351369,High Risk
13083.0,4,2,303.75,0,4.116848018061257e-05,Low Risk
13085.0,158,3,272.38,1,0.9993044280659649,High Risk
13089.0,3,118,57385.88,0,1.36156733489333e-07,Low Risk
13090.0,9,18,8689.39,0,3.263972425445259e-05,Low Risk
13091.0,21,2,319.82,0,0.00028046646127844924,Low Risk
13092.0,71,6,459.83,0,0.06674854875317968,Low Risk
13093.0,267,13,7741.47,1,0.9999999942526021,High Risk
13094.0,21,16,1708.86,0,0.00018577111783941576,Low Risk
13095.0,71,1,74.39999999999999,0,0.07614666342623061,Low Risk
13097.0,33,14,5893.32,0,0.0006189205917322522,Low Risk
13098.0,1,41,28658.88,0,2.878553135118975e-06,Low Risk
13099.0,99,1,207.36,1,0.6592025492907008,Medium Risk
13101.0,234,1,101.19,1,0.9999998768953636,High Risk
13102.0,1,27,6336.29,0,1.1856250671253563e-05,Low Risk
13103.0,40,1,243.94,0,0.0024607753348567032,Low Risk
13104.0,3,6,1098.48,0,3.207112271623359e-05,Low Risk
13106.0,129,2,59.5,1,0.9825364690241708,High Risk
13107.0,44,5,1524.07,0,0.003291331250531622,Low Risk
13108.0,373,1,350.06,1,0.9999999999999811,High Risk
13109.0,3,5,766.84,0,3.3399064213630544e-05,Low Risk
13110.0,31,8,1452.87,0,0.0007083580982699999,Low Risk
13113.0,1,40,10510.0,0,7.042797902876702e-06,Low Risk
13115.0,9,14,2205.63,0,4.915800276049597e-05,Low Risk
13116.0,117,2,485.19,1,0.9342858888591994,High Risk
13117.0,22,8,984.91,0,0.0002622950100285548,Low Risk
13118.0,20,7,1125.0,0,0.00021306985112744852,Low Risk
13120.0,239,1,30.6,1,0.9999999302438001,High Risk
13121.0,269,2,254.73,1,0.9999999975586304,High Risk
13122.0,94,2,922.39,1,0.5090353758007045,Medium Risk
13124.0,90,3,3866.33,0,0.3586161529774214,Medium Risk
13126.0,5,10,2056.29,0,3.478533829465809e-05,Low Risk
13127.0,78,1,259.17,0,0.1526135828737405,Low Risk
13130.0,94,1,64.0,1,0.5254706166397514,Medium Risk
13131.0,23,4,1039.3,0,0.00032325081464113485,Low Risk
13132.0,262,1,77.3,1,0.9999999947936402,High Risk
13133.0,274,2,109.8,1,0.99999999862154,High Risk
13134.0,73,7,1740.63,0,0.07600133251054202,Low Risk
13135.0,197,1,3096.0,1,0.9999907260595662,High Risk
13136.0,50,11,2545.38,0,0.005311256359731311,Low Risk
13137.0,11,9,3605.08,0,6.51808211505275e-05,Low Risk
13138.0,22,6,962.39,0,0.00027585765524912266,Low Risk
13139.0,16,8,5055.79,0,0.00010960615678102952,Low Risk
13140.0,108,3,423.72,1,0.8342954441470748,High Risk
13141.0,85,6,2385.8,0,0.24065940399277644,Low Risk
13142.0,19,1,307.09000000000003,0,0.00022950669054758603,Low Risk
13144.0,333,1,110.95,1,0.9999999999982818,High Risk
13145.0,40,5,614.77,0,0.0021908103294664373,Low Risk
13146.0,26,1,228.91,0,0.0005077067124314509,Low Risk
13147.0,10,4,712.8,0,7.566025375378154e-05,Low Risk
13148.0,29,17,3348.48,0,0.00041341075538717166,Low Risk
13149.0,14,4,1676.06,0,0.00011349428668716895,Low Risk
13151.0,203,2,1250.37,1,0.9999955813421348,High Risk
13153.0,6,1,486.22,0,5.242829652631782e-05,Low Risk
13154.0,144,1,-611.86,1,0.9969232964150039,High Risk
13155.0,33,4,971.76,0,0.0010025233411325714,Low Risk
13157.0,49,5,1721.57,0,0.005720341288816309,Low Risk
13158.0,95,4,1201.06,1,0.5215780721719926,Medium Risk
13159.0,9,5,1379.75,0,6.385967696055e-05,Low Risk
13160.0,22,1,91.8,0,0.0003253637611842958,Low Risk
13161.0,313,1,112.75,1,0.999999999983556,High Risk
13162.0,122,5,1644.99,1,0.956457104006611,High Risk
13165.0,46,2,1021.48,0,0.004544914424981724,Low Risk
13166.0,282,2,414.7,1,0.9999999994332558,High Risk
13167.0,19,4,791.33,0,0.00020824506874197248,Low Risk
13168.0,36,5,1310.14,0,0.0013499434087242536,Low Risk
13169.0,64,2,712.88,0,0.03416876612102289,Low Risk
13170.0,27,1,116.01,0,0.0005714525236898416,Low Risk
13171.0,8,5,426.81,0,5.9706854108795456e-05,Low Risk
13173.0,4,2,353.65000000000003,0,4.1070119561874905e-05,Low Risk
13174.0,16,3,2817.03,0,0.00013804266154037628,Low Risk
13176.0,46,1,492.84,0,0.0047769061193405765,Low Risk
13177.0,65,1,282.45,0,0.03979371521707059,Low Risk
13178.0,26,11,5725.47,0,0.0003048620287557661,Low Risk
13182.0,45,1,121.18,0,0.004345387225678355,Low Risk
13183.0,8,9,3957.78,0,4.567220456782228e-05,Low Risk
13184.0,15,12,1648.79,0,0.00010443881019107098,Low Risk
13185.0,268,1,71.4,1,0.9999999973567089,High Risk
13186.0,40,5,1539.69,0,0.002095990752887632,Low Risk
13187.0,337,1,236.02,1,0.9999999999988998,High Risk
13188.0,11,1,114.6,0,9.386566575811385e-05,Low Risk
13189.0,19,2,260.68,0,0.0002244128863371986,Low Risk
13192.0,95,2,911.94,1,0.5373242599222878,Medium Risk
13193.0,61,1,117.88,0,0.025900144444944657,Low Risk
13194.0,136,1,60.7,1,0.9921948975609793,High Risk
13196.0,11,4,1797.78,0,8.041202700006203e-05,Low Risk
13198.0,10,8,3384.09,0,6.031072511919424e-05,Low Risk
13199.0,4,39,9803.96,0,1.0478341821751075e-05,Low Risk
13200.0,19,4,870.09,0,0.00020746044082129613,Low Risk
13203.0,10,4,869.46,0,7.509420144717613e-05,Low Risk
13207.0,15,2,250.26,0,0.00014292972934659622,Low Risk
13208.0,59,7,1205.9,0,0.01706808669699186,Low Risk
13209.0,30,11,5820.16,0,0.0004766886477669229,Low Risk
13210.0,94,1,353.48,1,0.5220090736124101,Medium Risk
13211.0,10,3,1197.42,0,7.576943626714112e-05,Low Risk
13212.0,9,4,780.58,0,6.736213441405172e-05,Low Risk
13213.0,57,6,1518.43,0,0.01379585576430517,Low Risk
13216.0,268,1,333.74,1,0.9999999973232558,High Risk
13217.0,122,5,133.62,1,0.9593767628887999,High Risk
13218.0,127,1,62.64,1,0.9787243946728204,High Risk
13220.0,78,4,819.2900000000001,0,0.14002008267571514,Low Risk
13221.0,240,2,847.41,1,0.9999999335858989,High Risk
13223.0,200,2,163.2,1,0.9999941144344393,High Risk
13224.0,60,3,2150.85,0,0.020094643244863708,Low Risk
13225.0,3,8,6083.04,0,2.4038528184765753e-05,Low Risk
13226.0,273,1,108.21,1,0.9999999984944699,High Risk
13227.0,202,1,257.7,1,0.9999953979489177,High Risk
13228.0,81,1,358.0,0,0.20097705717527045,Low Risk
13229.0,226,1,160.95,1,0.9999996952991688,High Risk
13230.0,4,15,2763.41,0,2.6549307158271067e-05,Low Risk
13232.0,13,7,1357.6,0,9.559157359792304e-05,Low Risk
13233.0,74,2,605.12,0,0.09910378700783633,Low Risk
13235.0,212,2,101.17000000000009,1,0.9999984865573291,High Risk
13236.0,25,3,727.27,0,0.0004215005603104401,Low Risk
13238.0,11,5,680.83,0,8.27672805171099e-05,Low Risk
13239.0,262,1,329.56,1,0.9999999947302964,High Risk
13240.0,96,4,663.65,1,0.5560281969419609,Medium Risk
13242.0,112,3,270.40000000000003,1,0.8884937297695622,High Risk
13243.0,203,1,600.07,1,0.9999958213565292,High Risk
13244.0,93,1,121.74,1,0.4965685111490751,Medium Risk
13245.0,51,1,430.5,0,0.008396229207484599,Low Risk
13246.0,18,7,1922.1,0,0.0001636285968081701,Low Risk
13247.0,18,4,501.12,0,0.00018861706746881756,Low Risk
13248.0,125,2,465.68,1,0.9723162398034203,High Risk
13249.0,92,3,711.41,1,0.44910868892373285,Medium Risk
13253.0,157,2,1030.4,1,0.9992122068638112,High Risk
13255.0,4,3,390.66,0,3.9998146802741586e-05,Low Risk
13256.0,14,1,0.0,0,0.00013243693858849327,Low Risk
13258.0,12,3,698.5799999999999,0,9.726559923915668e-05,Low Risk
13259.0,62,1,292.32,0,0.028673231507706395,Low Risk
13260.0,61,1,557.62,0,0.0253735699903043,Low Risk
13261.0,269,2,944.1,1,0.9999999974765998,High Risk
13262.0,263,1,200.29,1,0.9999999953221055,High Risk
13263.0,1,35,7454.07,0,9.224617183734309e-06,Low Risk
13265.0,53,5,2107.66,0,0.008794603599504758,Low Risk
13266.0,11,19,3717.67,0,5.065494242774301e-05,Low Risk
13267.0,3,27,4404.4400000000005,0,1.6302530702474212e-05,Low Risk
13268.0,18,15,3167.64,0,0.00012653632330944146,Low Risk
13269.0,1,17,5315.92,0,1.5934914784060812e-05,Low Risk
13270.0,366,1,590.0,1,0.9999999999999576,High Risk
13271.0,37,2,178.26,0,0.0017175669349587944,Low Risk
13272.0,31,2,276.56,0,0.0008688999927944321,Low Risk
13273.0,113,1,138.98,1,0.9041338916312255,High Risk
13276.0,64,2,590.9300000000001,0,0.03436222493278172,Low Risk
13277.0,16,4,258.4,0,0.00015225143591802976,Low Risk
13278.0,41,1,542.73,0,0.002715093930224117,Low Risk
13279.0,64,2,126.3,0,0.03510902709464907,Low Risk
13280.0,122,3,814.86,1,0.9600222897937449,High Risk
13282.0,18,6,1047.84,0,0.00017489294319024873,Low Risk
13283.0,60,2,93.66,0,0.022671646039596725,Low Risk
13284.0,323,2,196.15,1,0.9999999999945297,High Risk
13285.0,23,4,2709.12,0,0.00029839053569701647,Low Risk
13291.0,156,1,361.11,1,0.9991667289675502,High Risk
13292.0,39,2,578.94,0,0.0021110045081467748,Low Risk
13294.0,190,2,873.74,1,0.9999811626503843,High Risk
13295.0,360,2,197.95,1,0.9999999999999161,High Risk
13296.0,137,1,87.4,1,0.9930136819826161,High Risk
13297.0,8,4,2089.85,0,5.650896763030869e-05,Low Risk
13298.0,1,1,360.0,0,2.9990342517552646e-05,Low Risk
13299.0,268,1,142.5,1,0.9999999973476839,High Risk
13300.0,165,2,365.29,1,0.9996906732316105,High Risk
13301.0,104,4,618.09,1,0.7559630980994415,High Risk
13302.0,155,1,63.75,1,0.9990803932332337,High Risk
13304.0,351,1,300.42,1,0.9999999999997728,High Risk
13305.0,4,10,2000.86,0,3.115354430671635e-05,Low Risk
13307.0,120,1,15.0,1,0.9543693291396159,High Risk
13308.0,23,4,1367.61,0,0.00031820460388682785,Low Risk
13309.0,7,5,1456.79,0,5.0762110113024926e-05,Low Risk
13310.0,9,6,1083.63,0,6.319404523878782e-05,Low Risk
13311.0,4,2,598.57,0,4.0590741067938286e-05,Low Risk
13313.0,22,5,1555.3200000000002,0,0.0002748253578057842,Low Risk
13314.0,2,4,578.66,0,3.085495463428498e-05,Low Risk
13316.0,37,5,5815.49,0,0.0012179142239159243,Low Risk
13317.0,64,9,2140.07,0,0.02704547315845254,Low Risk
13318.0,1,3,640.76,0,2.8164678606607312e-05,Low Risk
13319.0,5,36,10664.34,0,1.2121917539104819e-05,Low Risk
13320.0,70,6,1491.7,0,0.05731670403325672,Low Risk
13321.0,72,2,567.36,0,0.08081907418953004,Low Risk
13322.0,17,1,199.48,0,0.00018406310114537714,Low Risk
13323.0,3,5,787.85,0,3.3365442470428843e-05,Low Risk
13324.0,32,12,7072.8,0,0.000548904037521712,Low Risk
13325.0,82,1,675.3,0,0.21712816275790214,Low Risk
13327.0,39,9,3617.57,0,0.0015362549531049334,Low Risk
13328.0,316,1,1308.48,1,0.9999999999875901,High Risk
13329.0,32,4,740.4,0,0.0009055431292323043,Low Risk
13330.0,93,3,1140.93,1,0.4720455120074073,Medium Risk
13332.0,14,1,350.90000000000003,0,0.0001302280120118937,Low Risk
13334.0,82,3,3536.82,0,0.18709313467439076,Low Risk
13336.0,77,1,795.12,0,0.1355363117434836,Low Risk
13338.0,154,3,431.82,1,0.9988993150559508,High Risk
13339.0,201,1,860.12,1,0.9999946968024261,High Risk
13340.0,45,7,10736.48,0,0.0022575286495710345,Low Risk
13341.0,261,1,775.85,1,0.9999999939727076,High Risk
13343.0,173,2,303.93,1,0.9998750129666452,High Risk
13344.0,68,3,2543.7200000000003,0,0.047317312059602004,Low Risk
13345.0,277,2,377.6,1,0.999999999004969,High Risk
13347.0,70,1,341.36,0,0.06775996061331158,Low Risk
13348.0,64,1,233.76,0,0.03577643109317805,Low Risk
13349.0,11,1,247.32,0,9.327039463200017e-05,Low Risk
13350.0,16,3,910.72,0,0.00015125044287156724,Low Risk
13351.0,66,1,373.94,0,0.044154719068794326,Low Risk
13352.0,8,2,389.28,0,6.440974453183054e-05,Low Risk
13354.0,71,1,743.53,0,0.0739205066912851,Low Risk
13355.0,122,1,674.7,1,0.9621195198506697,High Risk
13356.0,80,1,768.24,0,0.18052502324224662,Low Risk
13357.0,257,1,609.95,1,0.9999999906061027,High Risk
13358.0,269,1,439.03,1,0.9999999975969953,High Risk
13359.0,59,2,431.26,0,0.01998039865055251,Low Risk
13362.0,3,5,3085.49,0,2.9885594843885072e-05,Low Risk
13363.0,18,2,992.5,0,0.00019354432262602187,Low Risk
13364.0,67,2,0.0,0,0.04885938457130694,Low Risk
13365.0,9,3,2191.22,0,6.453031602419513e-05,Low Risk
13366.0,50,1,56.16,0,0.007641245113521751,Low Risk
13368.0,257,2,623.4,1,0.9999999903652189,High Risk
13369.0,354,2,263.75,1,0.9999999999998344,High Risk
13370.0,366,2,721.32,1,0.9999999999999563,High Risk
13372.0,90,1,378.64,0,0.4097912377167777,Medium Risk
13373.0,61,3,3312.25,0,0.02125350762216315,Low Risk
13375.0,81,2,772.9,0,0.1939158985280897,Low Risk
13376.0,99,3,1019.76,1,0.6390970933204487,Medium Risk
13379.0,26,3,572.56,0,0.0004753791975336669,Low Risk
13381.0,21,7,3626.81,0,0.00021158250559674493,Low Risk
13382.0,281,1,222.99,1,0.999999999386628,High Risk
13384.0,31,9,4122.28,0,0.0006081401943598992,Low Risk
13385.0,330,1,534.57,1,0.9999999999975395,High Risk
13388.0,121,3,627.15,1,0.955837178203163,High Risk
13389.0,11,3,797.96,0,8.646702006821549e-05,Low Risk
13390.0,75,1,544.08,0,0.11237650728148073,Low Risk
13391.0,204,1,59.8,1,0.9999963630039502,High Risk
13394.0,2,10,2312.8,0,2.448651838463756e-05,Low Risk
13395.0,185,1,307.72,1,0.9999685416603273,High Risk
13396.0,22,4,1325.29,0,0.00028481159894224584,Low Risk
13397.0,73,6,1539.18,0,0.07844766856343975,Low Risk
13398.0,192,1,457.34,1,0.9999856269956496,High Risk
13402.0,127,2,621.23,1,0.977626181518509,High Risk
13403.0,18,1,75.0,0,0.00020729684174089415,Low Risk
13404.0,1,2,252.49,0,2.941060768805292e-05,Low Risk
13405.0,74,3,572.451,0,0.09705964432393,Low Risk
13408.0,2,81,27487.41,0,1.2704814757111434e-06,Low Risk
13410.0,9,7,988.91,0,6.193451463632968e-05,Low Risk
13411.0,107,1,213.55,1,0.826765770906874,High Risk
13414.0,134,3,1390.5,1,0.989080063627612,High Risk
13416.0,44,2,712.5,0,0.0036833717655192894,Low Risk
13417.0,5,2,640.83,0,4.535127023653482e-05,Low Risk
13418.0,12,23,5845.4400000000005,0,4.639852267563006e-05,Low Risk
13419.0,64,1,221.06,0,0.035797439556623,Low Risk
13420.0,135,4,140.35,1,0.9905698742350983,High Risk
13421.0,40,3,1848.98,0,0.0021694520871511137,Low Risk
13422.0,51,2,2601.55,0,0.007389381696319223,Low Risk
13425.0,108,3,1624.21,1,0.8261854500968703,High Risk
13426.0,1,12,3550.7000000000003,0,1.9619134481450826e-05,Low Risk
13427.0,19,3,582.6,0,0.00021559231702891301,Low Risk
13428.0,10,1,218.47,0,8.342656318041452e-05,Low Risk
13429.0,11,4,1006.8,0,8.351947132223144e-05,Low Risk
13430.0,19,4,648.6899999999999,0,0.00020967364610454864,Low Risk
13431.0,67,2,1269.1,0,0.046108377662052016,Low Risk
13434.0,74,2,534.24,0,0.09940757693678448,Low Risk
13435.0,5,9,3794.49,0,3.280379338474805e-05,Low Risk
13436.0,2,1,196.89,0,3.3839198462554786e-05,Low Risk
13437.0,14,7,3408.06,0,9.700031413992075e-05,Low Risk
13439.0,255,1,283.71,1,0.9999999884084284,High Risk
13441.0,92,1,296.64,1,0.4662912944620812,Medium Risk
13447.0,23,4,1104.23,0,0.0003222465171494267,Low Risk
13448.0,17,10,3465.67,0,0.00012605097183270418,Low Risk
13449.0,24,1,291.88,0,0.0004038854528240298,Low Risk
13450.0,27,6,2043.72,0,0.0004605890540905045,Low Risk
13451.0,26,6,2916.45,0,0.00039457340320761585,Low Risk
13452.0,259,2,590.0,1,0.9999999923253656,High Risk
13453.0,166,2,356.98,1,0.9997238058371919,High Risk
13455.0,25,4,1007.35,0,0.000405749280873705,Low Risk
13456.0,18,7,1737.8200000000002,0,0.0001650803023103289,Low Risk
13458.0,7,22,9537.92,0,2.2653311646878034e-05,Low Risk
13460.0,29,2,183.44,0,0.0006964576416583931,Low Risk
13461.0,39,3,1445.0,0,0.0019760623108622216,Low Risk
13462.0,183,2,143.25,1,0.9999599029330573,High Risk
13464.0,58,1,674.68,0,0.018114809145978853,Low Risk
13466.0,100,2,297.95,1,0.6777943740154259,Medium Risk
13467.0,11,2,1083.71,0,8.74212131646592e-05,Low Risk
13468.0,2,41,5656.75,0,9.707699457425551e-06,Low Risk
13470.0,99,2,165.0,1,0.6540973230615704,Medium Risk
13471.0,1,4,2531.58,0,2.509710011789527e-05,Low Risk
13473.0,61,3,417.54,0,0.024340312753011118,Low Risk
13474.0,236,1,229.59,1,0.9999999011768008,High Risk
13475.0,191,4,1431.78,1,0.9999818437544037,High Risk
13476.0,179,4,1092.77,1,0.9999307406531398,High Risk
13477.0,38,8,1441.53,0,0.0015610935388912955,Low Risk
13479.0,198,3,291.0,1,0.9999923923061325,High Risk
13481.0,46,8,1776.81,0,0.003782997189240923,Low Risk
13482.0,232,1,184.64,1,0.9999998450824605,High Risk
13483.0,66,1,140.34,0,0.04462977938254839,Low Risk
13484.0,241,1,313.8,1,0.9999999435855681,High Risk
13485.0,233,1,454.24,1,0.9999998598254288,High Risk
13486.0,78,3,1122.41,0,0.1412459291413789,Low Risk
13487.0,58,3,575.4,0,0.01733851662771254,Low Risk
13488.0,17,17,8910.61,0,8.169407236848496e-05,Low Risk
13489.0,105,4,449.52,1,0.7775910856009106,High Risk
13491.0,52,10,1215.82,0,0.007258257452103207,Low Risk
13492.0,136,3,1269.84,1,0.9913183771206403,High Risk
13493.0,275,2,618.63,1,0.9999999987383366,High Risk
13494.0,312,1,316.26000000000005,1,0.9999999999814095,High Risk
13495.0,8,6,1990.12,0,5.404590140319621e-05,Low Risk
13496.0,11,3,617.93,0,8.721644131271479e-05,Low Risk
13497.0,283,3,321.05,1,0.9999999994834541,High Risk
13499.0,18,7,1146.96,0,0.00016982233420308716,Low Risk
13500.0,23,4,1136.77,0,0.00032174438226707076,Low Risk
13501.0,243,2,1310.47,1,0.9999999516086236,High Risk
13502.0,17,3,292.0,0,0.00017442656500459954,Low Risk
13503.0,71,1,216.85,0,0.07566764469254568,Low Risk
13504.0,64,1,295.93,0,0.035673760066926935,Low Risk
13505.0,68,8,4282.88,0,0.03882273679702829,Low Risk
13506.0,312,3,452.82,1,0.9999999999803408,High Risk
13507.0,3,4,2479.16,0,3.153558570168565e-05,Low Risk
13508.0,244,1,110.97,1,0.9999999601861504,High Risk
13509.0,9,7,979.72,0,6.196180504695595e-05,Low Risk
13510.0,1,5,1785.16,0,2.537743624413722e-05,Low Risk
13512.0,261,1,251.21,1,0.9999999941224091,High Risk
13513.0,127,1,205.1,1,0.9785817193495111,High Risk
13514.0,74,1,152.20000000000002,0,0.1033230541112522,Low Risk
13515.0,73,4,891.12,0,0.08446192850463505,Low Risk
13516.0,21,3,1389.41,0,0.00025995916375420587,Low Risk
13517.0,60,5,2109.07,0,0.019183235605091498,Low Risk
13518.0,86,1,659.44,0,0.30364393438478765,Medium Risk
13519.0,50,2,110.8,0,0.007437035854580839,Low Risk
13520.0,59,8,3487.75,0,0.014958639643912221,Low Risk
13521.0,1,3,1093.65,0,2.7559793900986694e-05,Low Risk
13522.0,30,1,125.8,0,0.0008013266657523924,Low Risk
13523.0,33,6,3755.38,0,0.0008351811306077676,Low Risk
13524.0,41,5,680.1800000000001,0,0.0024444262770717475,Low Risk
13525.0,15,2,628.78,0,0.00014035987152220556,Low Risk
13527.0,34,8,2263.76,0,0.0009558634423036606,Low Risk
13529.0,79,2,307.76,0,0.16406025971477475,Low Risk
13531.0,205,2,483.8,1,0.9999966018528899,High Risk
13532.0,34,1,210.31,0,0.001253231222104859,Low Risk
13533.0,183,3,270.79,1,0.9999586492449651,High Risk
13534.0,2,43,5613.08,0,9.259630964079056e-06,Low Risk
13536.0,1,7,3448.29,0,2.230442028050468e-05,Low Risk
13538.0,43,7,1280.85,0,0.002832427978839474,Low Risk
13539.0,86,4,605.84,0,0.2887506694733298,Low Risk
13544.0,40,2,291.41,0,0.0023954992812273406,Low Risk
13546.0,12,3,626.99,0,9.759995419101753e-05,Low Risk
13548.0,96,2,682.41,1,0.5679538383944447,Medium Risk
13549.0,26,8,916.12,0,0.00041336542780010227,Low Risk
13551.0,319,1,91.8,1,0.9999999999916573,High Risk
13552.0,66,16,3539.53,0,0.0266807155132129,Low Risk
13555.0,74,4,4149.28,0,0.08117587804544432,Low Risk
13557.0,28,2,584.0600000000001,0,0.0006103049813560385,Low Risk
13558.0,6,4,605.06,0,4.841112785912243e-05,Low Risk
13560.0,7,1,174.37,0,5.957989001155042e-05,Low Risk
13561.0,216,1,141.86,1,0.9999990582843139,High Risk
13562.0,82,3,1799.3300000000002,0,0.2000926035437045,Low Risk
13563.0,84,2,777.53,0,0.25233473535517276,Low Risk
13564.0,144,5,647.74,1,0.9963946779624305,High Risk
13565.0,19,2,240.22,0,0.00022463305825113958,Low Risk
13566.0,41,2,874.71,0,0.0026073778600423205,Low Risk
13568.0,173,1,192.85,1,0.9998787064028349,High Risk
13569.0,17,2,373.75,0,0.00017808405586736272,Low Risk
13570.0,243,1,239.49,1,0.999999955150839,High Risk
13571.0,13,12,2092.32,0,8.15734527224778e-05,Low Risk
13572.0,206,1,1384.25,1,0.99999690807377,High Risk
13573.0,50,2,294.40000000000003,0,0.00737234511390224,Low Risk
13575.0,23,5,732.07,0,0.0003200526859028676,Low Risk
13576.0,10,20,6703.3,0,3.825660831638397e-05,Low Risk
13577.0,25,5,1658.3,0,0.0003837060448092191,Low Risk
13579.0,15,2,467.04,0,0.00014145225925153466,Low Risk
13581.0,309,1,118.0,1,0.9999999999741598,High Risk
13583.0,156,1,781.03,1,0.9991497990370046,High Risk
13584.0,307,1,142.4,1,0.9999999999675742,High Risk
13587.0,32,3,347.0,0,0.0009457975538805634,Low Risk
13588.0,16,13,2445.12,0,0.0001098015554860586,Low Risk
13589.0,15,2,379.65,0,0.00014204602211887276,Low Risk
13590.0,11,7,1976.12,0,7.403936854411356e-05,Low Risk
13591.0,65,3,1117.13,0,0.03651610593500535,Low Risk
13592.0,36,4,247.96,0,0.0014557941338160653,Low Risk
13593.0,108,6,1990.28,1,0.8126401811021229,High Risk
13594.0,53,1,396.97,0,0.010518184900378567,Low Risk
13596.0,6,2,697.04,0,5.063621864231549e-05,Low Risk
13598.0,47,2,167.42000000000002,0,0.005296918433062632,Low Risk
13599.0,1,33,5030.6,0,1.0885187837463127e-05,Low Risk
13600.0,312,1,219.52,1,0.9999999999814955,High Risk
13601.0,45,2,693.32,0,0.004125688360955827,Low Risk
13602.0,65,1,428.89,0,0.03952633504846037,Low Risk
13603.0,26,1,164.34,0,0.0005092799266399207,Low Risk
13606.0,29,3,280.54,0,0.0006763411685818952,Low Risk
13607.0,40,1,678.01,0,0.0024102201165797925,Low Risk
13610.0,12,9,1115.43,0,8.222254738291748e-05,Low Risk
13611.0,89,4,1158.2,0,0.35682929700135746,Medium Risk
13614.0,24,4,1610.46,0,0.0003521113462305437,Low Risk
13615.0,313,2,399.99,1,0.9999999999829114,High Risk
13617.0,40,3,544.18,0,0.0023091650546515547,Low Risk
13618.0,174,1,177.34,1,0.9998917379538057,High Risk
13621.0,117,1,213.85,1,0.9365619147660309,High Risk
13623.0,31,7,672.44,0,0.0007536984210326947,Low Risk
13626.0,253,1,257.23,1,0.9999999854895865,High Risk
13627.0,59,7,1624.02,0,0.016735040806316683,Low Risk
13629.0,23,11,7792.36,0,0.00019678174184469352,Low Risk
13630.0,5,11,1995.68,0,3.403630656049226e-05,Low Risk
13631.0,100,12,3021.77,1,0.5905719046852024,Medium Risk
13632.0,25,6,2117.02,0,0.00036621804653506375,Low Risk
13634.0,33,5,1575.16,0,0.0009502513712796617,Low Risk
13635.0,68,1,1071.03,0,0.05302764072844401,Low Risk
13636.0,37,6,941.62,0,0.0015005516786244053,Low Risk
13637.0,52,3,810.5,0,0.00878245446135977,Low Risk
13638.0,16,1,122.64,0,0.0001650176563543475,Low Risk
13639.0,74,1,1033.34,0,0.0994745594354341,Low Risk
13642.0,216,1,354.8,1,0.9999990486218414,High Risk
13643.0,31,3,519.44,0,0.0008379353451394036,Low Risk
13644.0,9,5,2597.52,0,6.023855069018639e-05,Low Risk
13645.0,120,1,252.1,1,0.9538717731080817,High Risk
13647.0,10,5,1670.22,0,7.050512414051524e-05,Low Risk
13649.0,257,2,346.6,1,0.9999999904922244,High Risk
13650.0,17,7,1809.34,0,0.00014695003926167604,Low Risk
13651.0,35,2,94.2,0,0.001376332717172365,Low Risk
13652.0,46,3,1095.08,0,0.004419083862008657,Low Risk
13654.0,43,6,2707.33,0,0.0027116174813855533,Low Risk
13655.0,114,2,932.97,1,0.9083968623959773,High Risk
13656.0,165,2,379.65,1,0.9996904602804322,High Risk
13657.0,11,2,382.14,0,9.04111732351281e-05,Low Risk
13658.0,10,7,2421.47,0,6.473665300195759e-05,Low Risk
13659.0,197,3,1550.85,1,0.9999909525401026,High Risk
13662.0,86,7,879.08,0,0.27119223309570384,Low Risk
13663.0,179,1,189.47,1,0.9999384076039121,High Risk
13666.0,60,3,84.65,0,0.022140657295170073,Low Risk
13667.0,149,1,305.02,1,0.9981698120495366,High Risk
13668.0,3,29,6216.07,0,1.4226761207356973e-05,Low Risk
13669.0,51,2,218.55,0,0.008276249503544301,Low Risk
13670.0,75,1,349.7,0,0.11330936914505173,Low Risk
13672.0,301,6,-71.46,1,0.9999999999285034,High Risk
13673.0,19,2,396.92,0,0.0002229522867501365,Low Risk
13675.0,151,2,486.8200000000001,1,0.998489755848156,High Risk
13678.0,152,1,232.6,1,0.9986995753739294,High Risk
13680.0,1,5,2202.31,0,2.4874993025372088e-05,Low Risk
13681.0,18,4,827.83,0,0.00018568644928248243,Low Risk
13682.0,187,1,59.5,1,0.9999751982680544,High Risk
13684.0,286,2,64.23,1,0.999999999645258,High Risk
13685.0,3,7,3119.44,0,2.8400348878001628e-05,Low Risk
13686.0,183,1,72.0,1,0.9999610135533527,High Risk
13689.0,63,1,910.0,0,0.03108711405109493,Low Risk
13690.0,59,1,172.25,0,0.02071977049947639,Low Risk
13692.0,25,5,1466.87,0,0.0003872421712517192,Low Risk
13693.0,325,2,-32.0,1,0.999999999995683,High Risk
13694.0,4,60,62653.1,0,4.953930045394262e-07,Low Risk
13695.0,31,15,2504.13,0,0.0005667808672667521,Low Risk
13697.0,39,1,151.3,0,0.002208341392923147,Low Risk
13699.0,155,1,308.58000000000004,1,0.9990695463060287,High Risk
13700.0,26,10,2265.12,0,0.00036883785934727634,Low Risk
13703.0,318,1,99.5,1,0.9999999999906566,High Risk
13704.0,5,10,2295.31,0,3.438903945991689e-05,Low Risk
13705.0,8,3,711.86,0,6.187576665603023e-05,Low Risk
13706.0,303,1,330.79,1,0.9999999999485967,High Risk
13707.0,267,2,806.41,1,0.9999999968579854,High Risk
13708.0,271,1,296.88,1,0.9999999980958274,High Risk
13709.0,4,17,6249.11,0,2.1382165250859525e-05,Low Risk
13710.0,32,1,180.48,0,0.001001550633848316,Low Risk
13711.0,219,2,252.06,1,0.999999308492154,High Risk
13712.0,247,1,228.84,1,0.9999999714665001,High Risk
13715.0,281,8,1053.94,1,0.9999999992413589,High Risk
13716.0,269,1,138.28,1,0.9999999976313927,High Risk
13717.0,32,7,1432.26,0,0.0008135732127172657,Low Risk
13718.0,246,2,306.55,1,0.9999999671350208,High Risk
13719.0,15,5,1041.68,0,0.00012779205320699979,Low Risk
13720.0,117,4,799.9,1,0.9302173382335418,High Risk
13721.0,36,1,524.14,0,0.0015468862635087265,Low Risk
13722.0,120,4,2369.16,1,0.9455039503773007,High Risk
13723.0,217,1,199.85,1,0.999999156504441,High Risk
13725.0,50,11,1809.81,0,0.00550083896167379,Low Risk
13726.0,39,2,1079.66,0,0.002061037987352757,Low Risk
13727.0,29,2,333.48,0,0.0006914695611980301,Low Risk
13728.0,37,6,1016.14,0,0.0014952086007933515,Low Risk
13730.0,136,2,752.6,1,0.9917339492820337,High Risk
13731.0,219,2,610.59,1,0.9999992965039817,High Risk
13732.0,28,1,491.86,0,0.0006283110527686125,Low Risk
13735.0,25,8,2766.18,0,0.0003379127596521452,Low Risk
13736.0,5,3,724.0,0,4.406993456538207e-05,Low Risk
13737.0,200,1,339.6,1,0.9999942091163116,High Risk
13739.0,18,1,216.9,0,0.000205891757431098,Low Risk
13740.0,241,1,350.75,1,0.999999943485549,High Risk
13741.0,72,4,666.33,0,0.07689063443599423,Low Risk
13742.0,17,14,3102.42,0,0.00011621152408823844,Low Risk
13743.0,3,8,1340.15,0,3.0175287423688188e-05,Low Risk
13744.0,95,2,1156.36,1,0.5344100020172419,Medium Risk
13745.0,151,2,291.54,1,0.9985038071463787,High Risk
13747.0,374,1,79.6,1,0.9999999999999833,High Risk
13748.0,96,5,948.25,1,0.5465497649115285,Medium Risk
13750.0,54,5,1647.26,0,0.01005297057685706,Low Risk
13751.0,288,1,296.25,1,0.9999999997207851,High Risk
13752.0,124,6,1186.28,1,0.9648606767365989,High Risk
13753.0,288,1,741.26,1,0.9999999997147644,High Risk
13754.0,152,2,282.6,1,0.9986639377298714,High Risk
13755.0,4,10,2154.68,0,3.092466863606724e-05,Low Risk
13756.0,2,15,5145.12,0,1.8896480246477104e-05,Low Risk
13758.0,12,7,3190.55,0,7.820257435920928e-05,Low Risk
13759.0,33,2,659.4100000000001,0,0.0010690565667241417,Low Risk
13760.0,54,2,286.79,0,0.011537598907254172,Low Risk
13761.0,50,2,1070.65,0,0.0071049533456004925,Low Risk
13762.0,204,2,3.552713678800501e-15,1,0.9999962828183157,High Risk
13763.0,63,3,1689.46,0,0.028578735430265845,Low Risk
13764.0,71,3,1521.76,0,0.06820297556377672,Low Risk
13767.0,2,52,16945.71,0,4.307329649827227e-06,Low Risk
13769.0,2,16,2771.8700000000003,0,2.0657359902957407e-05,Low Risk
13771.0,64,5,2631.7,0,0.029094274183578798,Low Risk
13772.0,34,3,1132.13,0,0.001141446672908143,Low Risk
13774.0,82,1,345.0,0,0.21983180340741496,Low Risk
13777.0,1,41,25748.35,0,3.309564351582361e-06,Low Risk
13778.0,103,1,178.7,1,0.7526567056932227,High Risk
13780.0,7,2,360.01,0,5.761287342192993e-05,Low Risk
13781.0,251,1,127.84,1,0.9999999819251507,High Risk
13782.0,13,6,912.0,0,0.00010009468008019856,Low Risk
13784.0,10,11,2462.79,0,5.853674603888176e-05,Low Risk
13786.0,367,1,230.4,1,0.9999999999999629,High Risk
13787.0,76,2,309.04,0,0.12269310273179129,Low Risk
13790.0,4,1,348.79999999999995,0,4.210585727326571e-05,Low Risk
13791.0,43,3,1047.68,0,0.003160346333125117,Low Risk
13792.0,66,2,195.55,0,0.04347924117957859,Low Risk
13798.0,1,63,36351.42,0,1.1568181722104694e-06,Low Risk
13799.0,117,2,688.86,1,0.9336838832506371,High Risk
13800.0,310,1,558.32,1,0.9999999999764269,High Risk
13801.0,67,1,324.8,0,0.04928420021499373,Low Risk
13802.0,138,6,3906.27,1,0.9915346486902115,High Risk
13803.0,255,1,277.07,1,0.9999999884121177,High Risk
13804.0,31,7,2635.79,0,0.0006860414849337241,Low Risk
13805.0,52,2,924.6,0,0.008951224136894727,Low Risk
13806.0,64,1,256.38,0,0.03573904226898787,Low Risk
13807.0,367,1,112.6,1,0.9999999999999631,High Risk
13808.0,6,5,1747.66,0,4.471384713793614e-05,Low Risk
13809.0,305,1,155.05,1,0.9999999999593328,High Risk
13810.0,29,4,899.51,0,0.0006405875371113389,Low Risk
13811.0,184,4,591.75,1,0.9999615551055689,High Risk
13812.0,42,3,539.0,0,0.0028933251540254118,Low Risk
13813.0,40,5,1353.41,0,0.002114752352217233,Low Risk
13814.0,56,3,1562.12,0,0.013249010546989976,Low Risk
13815.0,22,5,4014.91,0,0.00024426531863382816,Low Risk
13816.0,24,4,555.04,0,0.0003703784912848853,Low Risk
13817.0,29,2,382.98,0,0.0006898317778784499,Low Risk
13819.0,302,3,1140.35,1,0.9999999999371474,High Risk
13821.0,145,2,385.64,1,0.9970448601897568,High Risk
13822.0,6,2,632.0,0,5.079433981848854e-05,Low Risk
13823.0,19,2,957.66,0,0.0002170401009095209,Low Risk
13824.0,33,5,1698.94,0,0.0009446346393407356,Low Risk
13826.0,158,2,174.65,1,0.9993245393602589,High Risk
13827.0,58,3,412.05,0,0.017472444339175483,Low Risk
13828.0,22,1,209.49,0,0.00032353382180139585,Low Risk
13829.0,359,1,-102.0,1,0.9999999999999098,High Risk
13831.0,16,6,2202.99,0,0.00013202375818315454,Low Risk
13832.0,18,2,40.95,0,0.00020257583200191957,Low Risk
13833.0,159,1,384.8,1,0.9994053655707756,High Risk
13835.0,25,4,834.57,0,0.00040912266999516074,Low Risk
13837.0,212,2,271.24,1,0.9999984741677173,High Risk
13838.0,6,4,691.73,0,4.8210410837387325e-05,Low Risk
13841.0,253,1,85.0,1,0.9999999856089001,High Risk
13842.0,59,9,3385.62,0,0.014669984541164974,Low Risk
13844.0,11,1,361.62,0,9.276076636665811e-05,Low Risk
13845.0,65,1,312.98,0,0.039737828783383784,Low Risk
13846.0,25,4,847.61,0,0.0004088670994182387,Low Risk
13848.0,92,3,1255.0,1,0.44267023226163366,Medium Risk
13849.0,52,2,1537.95,0,0.008694112183335073,Low Risk
13850.0,88,2,1586.81,0,0.337762834814327,Medium Risk
13851.0,96,3,2651.46,1,0.5385329379776425,Medium Risk
13853.0,9,2,1056.94,0,6.983819950779679e-05,Low Risk
13854.0,9,29,8025.019999999999,0,2.5686524871522375e-05,Low Risk
13856.0,169,5,363.4,1,0.9997879731179189,High Risk
13858.0,57,1,216.17,0,0.016566087404942215,Low Risk
13859.0,326,1,201.16,1,0.9999999999961957,High Risk
13860.0,1,6,1240.0,0,2.541451653000577e-05,Low Risk
13862.0,18,10,2187.31,0,0.00015003598000020566,Low Risk
13863.0,245,2,299.56,1,0.9999999632182643,High Risk
13865.0,58,4,501.56,0,0.016982075177576918,Low Risk
13866.0,74,1,145.67,0,0.10335206048308378,Low Risk
13867.0,31,3,1015.29,0,0.0008182679501846013,Low Risk
13868.0,7,2,3192.54,0,5.029790472058165e-05,Low Risk
13869.0,123,4,3104.9500000000003,1,0.9591876940198572,High Risk
13870.0,2,10,2751.25,0,2.39772185605975e-05,Low Risk
13871.0,23,14,6389.8,0,0.00019545122232181623,Low Risk
13873.0,120,4,381.7,1,0.9502099404427993,High Risk
13874.0,358,1,540.45,1,0.9999999999998959,High Risk
13875.0,54,5,1786.79,0,0.009986620039625287,Low Risk
13876.0,64,1,122.7,0,0.035960550339794756,Low Risk
13877.0,86,1,117.24,0,0.3091678395619722,Medium Risk
13878.0,55,1,1281.53,0,0.012609398055806628,Low Risk
13880.0,21,13,3219.77,0,0.00018606694365439906,Low Risk
13881.0,4,22,16989.52,0,1.1294378844122027e-05,Low Risk
13882.0,3,6,1131.28,0,3.2020734874068073e-05,Low Risk
13883.0,1,9,2538.75,0,2.217662389178178e-05,Low Risk
13884.0,7,6,781.3000000000001,0,5.115487985580212e-05,Low Risk
13885.0,189,2,506.8,1,0.9999792783784656,High Risk
13886.0,71,1,243.56,0,0.07557813514662216,Low Risk
13887.0,204,1,349.55,1,0.999996312132104,High Risk
13888.0,120,2,605.63,1,0.9520053729217063,High Risk
13889.0,93,1,416.9,1,0.49303145639821716,Medium Risk
13890.0,1,14,1860.86,0,2.0250219089317097e-05,Low Risk
13892.0,27,4,632.97,0,0.0005177169921601694,Low Risk
13893.0,298,1,821.1,1,0.9999999999074403,High Risk
13894.0,22,5,535.97,0,0.0002885848499169961,Low Risk
13895.0,21,5,2588.12,0,0.00023362944566841828,Low Risk
13897.0,50,1,311.16,0,0.007549103762721003,Low Risk
13898.0,326,1,155.93,1,0.9999999999962039,High Risk
13899.0,16,2,388.52,0,0.0001589576551705796,Low Risk
13900.0,183,3,740.95,1,0.999957706688592,High Risk
13901.0,72,5,2867.2000000000003,0,0.0681445395760165,Low Risk
13904.0,37,2,332.64,0,0.0017049239213749263,Low Risk
13908.0,80,5,2347.05,0,0.1561470651667919,Low Risk
13911.0,57,9,2580.91,0,0.012195069713036449,Low Risk
13914.0,4,3,613.95,0,3.9572290910930666e-05,Low Risk
13917.0,50,2,272.04,0,0.007380193606265134,Low Risk
13918.0,50,2,1212.84,0,0.007057027663162213,Low Risk
13919.0,53,3,350.16,0,0.010039072111620341,Low Risk
13922.0,352,1,172.25,1,0.9999999999997984,High Risk
13923.0,54,1,351.13,0,0.011786437689539821,Low Risk
13924.0,2,11,1682.08,0,2.4623084109853574e-05,Low Risk
13925.0,36,6,616.65,0,0.0013615476536314789,Low Risk
13926.0,23,1,223.85,0,0.0003619498614752128,Low Risk
13927.0,75,1,348.99,0,0.11331278890062693,Low Risk
13928.0,11,4,464.57,0,8.571876845518891e-05,Low Risk
13929.0,169,3,802.85,1,0.999793884462023,High Risk
13930.0,58,2,337.34,0,0.017964193325161224,Low Risk
13931.0,86,3,1230.93,0,0.2876650637565417,Low Risk
13932.0,295,1,307.4,1,0.9999999998732756,High Risk
13933.0,109,2,608.79,1,0.8513352773997593,High Risk
13934.0,264,1,922.1,1,0.9999999956745231,High Risk
13936.0,171,2,361.28,1,0.9998429153262122,High Risk
13937.0,169,1,158.85,1,0.9998097706099106,High Risk
13938.0,35,1,71.66,0,0.001412190023215212,Low Risk
13939.0,23,4,556.75,0,0.0003308132957807859,Low Risk
13940.0,17,4,839.14,0,0.0001657711692077393,Low Risk
13941.0,22,7,4912.41,0,0.0002227169769622315,Low Risk
13946.0,79,3,561.57,0,0.15906990266699095,Low Risk
13947.0,65,1,90.6,0,0.0401466324927546,Low Risk
13948.0,361,1,102.0,1,0.9999999999999272,High Risk
13949.0,3,6,2427.32,0,3.0091843051702427e-05,Low Risk
13950.0,11,5,728.5600000000001,0,8.257812868810558e-05,Low Risk
13951.0,176,3,674.45,1,0.9999070657280064,High Risk
13952.0,211,3,3246.091,1,0.9999979806903803,High Risk
13953.0,7,7,3515.68,0,4.377688957384347e-05,Low Risk
13954.0,2,3,378.59,0,3.1930512613572034e-05,Low Risk
13955.0,154,2,322.96,1,0.9989316965371359,High Risk
13956.0,5,5,1026.42,0,4.134425901669311e-05,Low Risk
13958.0,372,1,-102.45,1,0.9999999999999791,High Risk
13959.0,79,3,598.2,0,0.15883514604416865,Low Risk
13960.0,21,2,230.22,0,0.000281673420844265,Low Risk
13962.0,22,2,169.54999999999998,0,0.00031625570875590915,Low Risk
13963.0,308,4,664.54,1,0.9999999999680209,High Risk
13967.0,146,1,80.7,1,0.997461073794182,High Risk
13969.0,7,20,8986.69,0,2.4436527199850396e-05,Low Risk
13971.0,9,11,2702.2200000000003,0,5.168949242530486e-05,Low Risk
13972.0,71,2,190.25,0,0.07404720887907539,Low Risk
13973.0,287,1,264.7,1,0.9999999996878768,High Risk
13974.0,49,1,413.59,0,0.00671557228276975,Low Risk
13975.0,31,7,2503.23,0,0.0006904120406196712,Low Risk
13976.0,207,1,357.98,1,0.9999973708330833,High Risk
13978.0,15,2,196.79,0,0.0001432965217358176,Low Risk
13979.0,73,1,869.87,0,0.09044868814414614,Low Risk
13980.0,60,1,200.14,0,0.023109344836317464,Low Risk
13982.0,39,5,1861.11,0,0.001844007619238456,Low Risk
13983.0,30,13,2590.46,0,0.0005296897556145882,Low Risk
13984.0,27,6,488.03,0,0.0004962349404921756,Low Risk
13985.0,4,16,7024.53,0,2.1116585622174363e-05,Low Risk
13986.0,17,1,320.46,0,0.0001829988720961681,Low Risk
13988.0,20,9,4098.8,0,0.00017587012910743417,Low Risk
13989.0,66,2,1266.08,0,0.04139418651749139,Low Risk
13990.0,213,1,311.3,1,0.9999986677659902,High Risk
13991.0,12,7,850.63,0,8.748503631638273e-05,Low Risk
13992.0,30,1,76.8,0,0.0008032097075128432,Low Risk
13993.0,32,12,3409.66,0,0.0006542092044757661,Low Risk
13994.0,4,6,2313.14,0,3.3874176327278504e-05,Low Risk
13995.0,15,6,1383.49,0,0.00012265171661657873,Low Risk
13999.0,10,15,3865.26,0,4.9587153901972104e-05,Low Risk
14000.0,206,2,633.71,1,0.9999969428338873,High Risk
14001.0,46,4,2030.33,0,0.004123569881523705,Low Risk
14002.0,134,2,529.73,1,0.989769762218713,High Risk
14004.0,43,7,4582.64,0,0.002418779376447859,Low Risk
14005.0,10,5,2874.72,0,6.654951630213298e-05,Low Risk
14006.0,116,3,962.19,1,0.9237200025890648,High Risk
14009.0,198,3,685.9300000000001,1,0.9999922469007367,High Risk
14012.0,278,1,328.8,1,0.9999999991349122,High Risk
14013.0,110,3,473.02,1,0.8629339841295648,High Risk
14014.0,77,1,505.18,0,0.13717313679862653,Low Risk
14015.0,53,1,917.34,0,0.010261700627700357,Low Risk
14016.0,154,5,4328.46,1,0.998606537855709,High Risk
14019.0,47,4,1398.96,0,0.004755401009620349,Low Risk
14020.0,17,2,642.8,0,0.0001758022591042877,Low Risk
14021.0,155,3,631.9,1,0.9990072698695776,High Risk
14022.0,225,1,440.0,1,0.9999996542773871,High Risk
14023.0,7,2,584.07,0,5.699738226890094e-05,Low Risk
14024.0,122,2,327.7,1,0.961825422638678,High Risk
14027.0,61,1,104.82,0,0.025915944944513696,Low Risk
14029.0,63,2,467.66,0,0.030982794760004585,Low Risk
14030.0,18,8,2360.09,0,0.00015632465426891013,Low Risk
14031.0,7,23,14634.64,0,1.73103204938304e-05,Low Risk
14032.0,2,18,2929.84,0,1.9514362202131738e-05,Low Risk
14034.0,22,4,512.02,0,0.00029613170349909377,Low Risk
14035.0,29,5,1428.02,0,0.0006093580357285427,Low Risk
14036.0,285,1,626.65,1,0.9999999996019382,High Risk
14037.0,176,2,147.20000000000002,1,0.9999115934206501,High Risk
14038.0,78,4,1554.48,0,0.13582972093361131,Low Risk
14039.0,33,1,152.2,0,0.001122673381314195,Low Risk
14040.0,41,15,3542.19,0,0.001666359712177818,Low Risk
14041.0,266,1,141.41,1,0.9999999966757676,High Risk
14044.0,27,4,652.82,0,0.000517224822674369,Low Risk
14045.0,109,4,1659.75,1,0.8382657883598131,High Risk
14046.0,284,1,154.99,1,0.9999999995643125,High Risk
14047.0,9,7,1290.01,0,6.10469921101862e-05,Low Risk
14048.0,277,2,375.13,1,0.999999999005087,High Risk
14049.0,17,6,5639.15,0,0.0001253600267432193,Low Risk
14050.0,32,2,746.36,0,0.0009510367918273217,Low Risk
14051.0,1,26,15477.34,0,7.840611691986996e-06,Low Risk
14052.0,20,1,225.36,0,0.0002579461149845273,Low Risk
14053.0,124,2,260.25,1,0.9694022882225375,High Risk
14054.0,65,1,92.46,0,0.04014319657933123,Low Risk
14055.0,106,1,725.6400000000001,1,0.8061833564069799,High Risk
14056.0,1,29,8124.4,0,1.0358284132875727e-05,Low Risk
14057.0,24,18,6147.4,0,0.00020056872066895616,Low Risk
14059.0,267,1,183.6,1,0.9999999970247369,High Risk
14060.0,5,20,6135.38,0,2.2351950588277625e-05,Low Risk
14062.0,10,12,10464.85,0,3.891521873043479e-05,Low Risk
14064.0,29,7,1188.32,0,0.0005867334506993565,Low Risk
14066.0,267,1,152.55,1,0.9999999970291624,High Risk
14067.0,64,2,374.7,0,0.034707847380769215,Low Risk
14068.0,320,1,265.85,1,0.9999999999924858,High Risk
14071.0,4,9,1307.41,0,3.301111505494417e-05,Low Risk
14073.0,21,2,139.54,0,0.00028290021549613276,Low Risk
14075.0,5,3,942.26,0,4.361124317518068e-05,Low Risk
14076.0,129,1,122.47,1,0.9829041943163211,High Risk
14077.0,41,5,499.42,0,0.002465648127671915,Low Risk
14078.0,102,6,1049.37,1,0.6973669923422847,Medium Risk
14079.0,125,1,375.1,1,0.9730866854116548,High Risk
14080.0,33,1,45.6,0,0.0011284188242799743,Low Risk
14081.0,267,4,904.67,1,0.9999999966834541,High Risk
14082.0,365,1,182.25,1,0.9999999999999536,High Risk
14083.0,4,9,1018.43,0,3.3471602968764936e-05,Low Risk
14085.0,2,19,4435.79,0,1.771272935084928e-05,Low Risk
14087.0,3,2,181.67,0,3.6988263822899676e-05,Low Risk
14088.0,10,14,50415.49,0,5.456775217119815e-06,Low Risk
14089.0,57,1,161.0,0,0.016609231022923786,Low Risk
14090.0,325,1,76.32000000000001,1,0.9999999999957663,High Risk
14092.0,8,17,4063.1,0,3.7302221907864124e-05,Low Risk
14093.0,12,1,442.85,0,0.00010344580435144181,Low Risk
14096.0,4,34,57120.91,0,1.2267198423712512e-06,Low Risk
14098.0,37,1,147.35,0,0.0017630046784671601,Low Risk
14099.0,16,12,3092.9700000000003,0,0.00010910299774189656,Low Risk
14100.0,138,1,194.9,1,0.9937229989215907,High Risk
14101.0,74,6,5976.79,0,0.07152904455248614,Low Risk
14102.0,5,8,1314.73,0,3.7867452873757424e-05,Low Risk
14104.0,155,2,216.21,1,0.9990505340564384,High Risk
14105.0,85,2,1260.33,0,0.269646831726662,Low Risk
14107.0,52,8,2688.48,0,0.007106735406729968,Low Risk
14108.0,31,3,594.16,0,0.0008349417016841584,Low Risk
14109.0,23,2,80.2,0,0.0003555706745616862,Low Risk
14110.0,4,13,5669.65,0,2.4264915065707002e-05,Low Risk
14111.0,14,5,688.6,0,0.0001160955592140982,Low Risk
14112.0,23,12,2774.17,0,0.0002441889996912975,Low Risk
14113.0,4,8,1377.92,0,3.3721578780562124e-05,Low Risk
14114.0,274,2,386.53,1,0.9999999986031312,High Risk
14116.0,20,5,1382.74,0,0.00022109781501639168,Low Risk
14117.0,144,1,90.0,1,0.9968183489323558,High Risk
14119.0,354,1,-19.9,1,0.9999999999998406,High Risk
14121.0,4,6,2740.3,0,3.318758414281848e-05,Low Risk
14124.0,84,1,419.58,0,0.26030876325326496,Low Risk
14125.0,11,3,2740.43,0,7.877926379935416e-05,Low Risk
14126.0,8,4,643.6300000000001,0,6.056555192319812e-05,Low Risk
14127.0,123,3,709.71,1,0.9643121296002776,High Risk
14128.0,61,2,637.5,0,0.024678129826660407,Low Risk
14129.0,2,5,1123.86,0,2.9326388210335623e-05,Low Risk
14130.0,319,1,483.86,1,0.999999999991499,High Risk
14132.0,2,12,3580.13,0,2.1933629357851338e-05,Low Risk
14133.0,130,5,590.34,1,0.9827658795033155,High Risk
14135.0,2,15,4690.31,0,1.9313003002605573e-05,Low Risk
14138.0,2,2,982.38,0,3.179443849903389e-05,Low Risk
14139.0,46,1,415.82,0,0.004794491754974296,Low Risk
14140.0,4,3,920.05,0,3.8995858930900074e-05,Low Risk
14141.0,3,6,879.0300000000001,0,3.241029096798619e-05,Low Risk
14142.0,373,1,311.81,1,0.9999999999999811,High Risk
14143.0,134,1,115.8,1,0.9902108440363234,High Risk
14145.0,47,5,3148.2,0,0.004268395878442119,Low Risk
14146.0,9,6,2949.57,0,5.7786971469539096e-05,Low Risk
14147.0,49,3,468.4,0,0.006377604689643036,Low Risk
14148.0,234,1,157.2,1,0.9999998765643724,High Risk
14149.0,213,3,259.43,1,0.9999986038483163,High Risk
14150.0,36,2,658.64,0,0.0014995559718788563,Low Risk
14152.0,75,3,611.09,0,0.10723944481915604,Low Risk
14154.0,239,2,1345.62,1,0.9999999238486972,High Risk
14155.0,266,1,118.75,1,0.9999999966793767,High Risk
14156.0,10,66,113384.14,0,7.39108452366778e-08,Low Risk
14157.0,20,3,400.43,0,0.00024347720430923194,Low Risk
14158.0,40,1,507.66,0,0.0024299357098354103,Low Risk
14159.0,20,14,4678.3,0,0.00015120202177009478,Low Risk
14161.0,216,3,1110.52,1,0.9999989636196984,High Risk
14162.0,174,2,289.36,1,0.9998884362622964,High Risk
14163.0,87,4,2445.91,0,0.29385326108668314,Low Risk
14164.0,71,2,1631.77,0,0.06944629424925922,Low Risk
14165.0,276,1,122.54,1,0.9999999989263701,High Risk
14167.0,39,4,574.84,0,0.0020099555669941963,Low Risk
14171.0,98,1,363.79,1,0.6316529346457661,Medium Risk
14173.0,11,4,450.84,0,8.577520302294715e-05,Low Risk
14174.0,33,1,134.46,0,0.0011236274870943148,Low Risk
14175.0,51,7,3108.06,0,0.006381507594519158,Low Risk
14176.0,297,5,574.0,1,0.999999999886972,High Risk
14177.0,85,5,554.46,0,0.2618066044904054,Low Risk
14178.0,9,7,1620.93,0,6.008623423291206e-05,Low Risk
14179.0,41,2,719.78,0,0.0026267645681491317,Low Risk
14180.0,11,31,4640.77,0,3.604268475970791e-05,Low Risk
14184.0,67,1,452.89,0,0.048997277431653066,Low Risk
14185.0,331,1,197.65,1,0.9999999999978373,High Risk
14188.0,9,10,2018.91,0,5.4744862000480614e-05,Low Risk
14189.0,2,24,4604.31,0,1.553094110052783e-05,Low Risk
14191.0,2,14,4660.01,0,1.9824235470015602e-05,Low Risk
14193.0,68,2,853.39,0,0.052317053598955575,Low Risk
14194.0,5,32,11216.75,0,1.3029685269577374e-05,Low Risk
14195.0,202,3,962.7,1,0.999994998948933,High Risk
14196.0,107,1,335.52,1,0.8259267136043557,High Risk
14198.0,4,7,663.5,0,3.576820454211259e-05,Low Risk
14199.0,218,1,185.4,1,0.9999992470994685,High Risk
14201.0,60,9,688.04,0,0.018616341488911104,Low Risk
14204.0,2,1,161.03,0,3.389741978214244e-05,Low Risk
14205.0,11,4,218.78,0,8.673468185616382e-05,Low Risk
14206.0,239,2,308.26,1,0.9999999275431132,High Risk
14208.0,95,1,151.74,1,0.5524793573290502,Medium Risk
14209.0,11,7,2067.13,0,7.371706446472522e-05,Low Risk
14210.0,91,7,1900.89,1,0.38392471366113096,Medium Risk
14211.0,53,13,2208.3,0,0.0071960247210672845,Low Risk
14212.0,90,1,1070.48,0,0.40179418548411877,Medium Risk
14213.0,372,1,-1192.2,1,0.9999999999999802,High Risk
14214.0,31,7,1000.23,0,0.000741956038621781,Low Risk
14215.0,12,7,1777.92,0,8.368148908481013e-05,Low Risk
14216.0,3,4,1839.3,0,3.251788247738071e-05,Low Risk
14217.0,2,24,1925.36,0,1.765924600735046e-05,Low Risk
14218.0,43,1,169.48000000000002,0,0.003461938011625723,Low Risk
14219.0,4,1,89.94,0,4.263160754344774e-05,Low Risk
14220.0,247,2,632.4000000000001,1,0.9999999701823703,High Risk
14221.0,42,10,3427.85,0,0.0021211720296854457,Low Risk
14222.0,177,1,683.17,1,0.9999209526979699,High Risk
14223.0,92,4,975.23,1,0.43989343895304633,Medium Risk
14224.0,110,4,1050.12,1,0.8566248076774711,High Risk
14226.0,29,7,2201.64,0,0.000558927878400329,Low Risk
14227.0,26,15,3315.71,0,0.0003100329288015406,Low Risk
14229.0,52,5,1450.6,0,0.008112422424820392,Low Risk
14231.0,179,5,822.0600000000001,1,0.9999299258369156,High Risk
14232.0,32,8,2043.93,0,0.0007708401419962621,Low Risk
14233.0,44,5,1447.51,0,0.003303393457756073,Low Risk
14234.0,22,4,775.46,0,0.00029241640966803597,Low Risk
14235.0,10,6,3093.86,0,6.424915531250498e-05,Low Risk
14236.0,81,2,490.86,0,0.19603812613055793,Low Risk
14237.0,373,1,161.0,1,0.9999999999999811,High Risk
14238.0,326,1,146.85,1,0.9999999999962057,High Risk
14239.0,43,13,2323.5,0,0.002324748627514998,Low Risk
14240.0,30,2,890.34,0,0.0007536968082795841,Low Risk
14241.0,184,1,213.7,1,0.999964939254938,High Risk
14242.0,235,2,280.55,1,0.9999998863209876,High Risk
14243.0,9,14,2535.88,0,4.8385898832799956e-05,Low Risk
14245.0,176,5,1677.48,1,0.9998975559510432,High Risk
14246.0,111,3,1474.06,1,0.8704355283788596,High Risk
14247.0,278,1,136.77,1,0.9999999991428397,High Risk
14248.0,318,1,302.58,1,0.9999999999905651,High Risk
14250.0,7,3,1904.05,0,5.2198641758774083e-05,Low Risk
14251.0,2,5,2879.7000000000003,0,2.6958970342440484e-05,Low Risk
14256.0,254,3,935.06,1,0.9999999859337041,High Risk
14257.0,51,6,3087.27,0,0.0065463631525606095,Low Risk
14258.0,9,10,12650.08,0,3.28861935611545e-05,Low Risk
14259.0,142,1,120.0,1,0.9960096275332232,High Risk
14261.0,51,2,1163.45,0,0.007912616571630858,Low Risk
14262.0,8,8,2618.23,0,4.9917792037399e-05,Low Risk
14264.0,155,3,319.47,1,0.9990220134763322,High Risk
14265.0,109,2,530.18,1,0.8518116033761236,High Risk
14267.0,151,7,1279.09,1,0.998225780421779,High Risk
14270.0,332,1,492.65,1,0.9999999999980409,High Risk
14271.0,226,1,112.32,1,0.9999996960086888,High Risk
14272.0,74,2,437.96,0,0.09982155744247082,Low Risk
14273.0,51,4,559.97,0,0.007753930384957794,Low Risk
14276.0,88,5,1019.39,0,0.3273706073187392,Medium Risk
14277.0,15,4,3957.0,0,0.0001139014906943893,Low Risk
14280.0,197,1,134.04,1,0.9999919536799278,High Risk
14282.0,3,15,3729.34,0,2.264122876166492e-05,Low Risk
14284.0,31,3,578.45,0,0.0008355702315413633,Low Risk
14285.0,21,4,1910.01,0,0.0002473749783003724,Low Risk
14286.0,24,5,4595.81,0,0.000297737209927883,Low Risk
14287.0,8,4,151.23,0,6.201214299020118e-05,Low Risk
14288.0,212,2,413.85,1,0.9999984637004197,High Risk
14289.0,9,6,911.26,0,6.371836812984542e-05,Low Risk
14290.0,11,6,2307.4500000000003,0,7.469305200682128e-05,Low Risk
14291.0,2,12,3873.3,0,2.162752790348336e-05,Low Risk
14292.0,8,14,4819.33,0,3.8738031867200814e-05,Low Risk
14293.0,3,4,1046.56,0,3.377741653263559e-05,Low Risk
14295.0,40,2,154.70000000000002,0,0.002411212489430942,Low Risk
14297.0,18,6,1284.06,0,0.00017292392288500112,Low Risk
14298.0,3,45,50862.44,0,1.127522347035105e-06,Low Risk
14299.0,8,18,2855.35,0,3.8562332452895916e-05,Low Risk
14300.0,19,1,43.2,0,0.00023242788427765322,Low Risk
14301.0,108,2,632.04,1,0.836316024739109,High Risk
14304.0,223,2,197.1,1,0.999999560988996,High Risk
14305.0,71,5,1803.76,0,0.06431446805228636,Low Risk
14306.0,51,3,2083.42,0,0.007390587037641419,Low Risk
14307.0,89,6,2995.7200000000003,0,0.3259431534966905,Medium Risk
14309.0,8,10,2319.6800000000003,0,4.819920065882691e-05,Low Risk
14311.0,225,2,229.71,1,0.9999996491951404,High Risk
14312.0,47,6,1611.59,0,0.004481749504278621,Low Risk
14314.0,107,1,120.0,1,0.8274071522851626,High Risk
14315.0,21,7,2456.98,0,0.00022378456453149245,Low Risk
14317.0,65,1,508.58,0,0.03938155622161688,Low Risk
14320.0,207,3,343.11,1,0.999997239799998,High Risk
14321.0,11,5,1530.75,0,7.946299379517726e-05,Low Risk
14323.0,115,4,574.26,1,0.9149003301263436,High Risk
14326.0,235,2,166.85,1,0.9999998869389338,High Risk
14327.0,163,1,311.65000000000003,1,0.9996227372101728,High Risk
14329.0,9,14,4928.74,0,4.3142184321405884e-05,Low Risk
14331.0,124,2,462.66,1,0.9691131555042548,High Risk
14332.0,23,3,866.3100000000001,0,0.0003340816078811858,Low Risk
14333.0,64,2,351.45,0,0.03474520917425092,Low Risk
14334.0,17,9,2539.46,0,0.00013506469648640686,Low Risk
14335.0,16,2,468.26,0,0.00015835126501759564,Low Risk
14336.0,17,4,1614.91,0,0.0001597203386024284,Low Risk
14338.0,158,4,554.22,1,0.9992773730141474,High Risk
14339.0,235,4,289.91,1,0.9999998805167015,High Risk
14340.0,219,1,134.7,1,0.9999993291310616,High Risk
14341.0,45,9,2166.38,0,0.003237446411595901,Low Risk
14342.0,21,6,607.71,0,0.000250631694370288,Low Risk
14344.0,127,8,889.9300000000001,1,0.9738219519639885,High Risk
14345.0,39,1,108.98,0,0.002212816294377127,Low Risk
14346.0,121,2,1021.58,1,0.9560799277879454,High Risk
14348.0,260,1,409.57,1,0.9999999933695842,High Risk
14349.0,10,1,133.5,0,8.376705876258592e-05,Low Risk
14350.0,271,2,258.7,1,0.9999999980518275,High Risk
14351.0,165,1,51.0,1,0.999702721671202,High Risk
14352.0,157,4,1078.96,1,0.9991704604437811,High Risk
14353.0,215,1,90.6,1,0.9999989482877777,High Risk
14354.0,6,2,163.62,0,5.194771096593113e-05,Low Risk
14355.0,366,1,174.4,1,0.9999999999999585,High Risk
14356.0,60,4,666.9399999999999,0,0.021030238270295015,Low Risk
14357.0,43,1,225.77,0,0.003452640736212145,Low Risk
14359.0,19,6,882.58,0,0.00019735475990816258,Low Risk
14360.0,32,4,2128.23,0,0.0008473055608708055,Low Risk
14362.0,22,1,161.2,0,0.0003242834257892373,Low Risk
14364.0,109,8,3717.35,1,0.8096969884684555,High Risk
14367.0,8,19,9167.82,0,2.7798882515291463e-05,Low Risk
14368.0,320,1,155.0,1,0.9999999999925255,High Risk
14371.0,295,1,100.5,1,0.9999999998745264,High Risk
14373.0,358,1,76.55,1,0.9999999999998981,High Risk
14375.0,185,1,257.68,1,0.9999686170326193,High Risk
14377.0,191,2,617.05,1,0.9999833799575999,High Risk
14379.0,44,2,348.1,0,0.0037480391162797353,Low Risk
14381.0,52,1,202.68,0,0.009492734768500143,Low Risk
14382.0,26,1,626.07,0,0.0004981363754076977,Low Risk
14383.0,38,3,1247.69,0,0.0017821677239333704,Low Risk
14385.0,9,3,202.11,0,7.098620165098419e-05,Low Risk
14386.0,297,1,142.4,1,0.999999999899692,High Risk
14387.0,33,3,1770.56,0,0.0009889754599746137,Low Risk
14388.0,9,10,3172.04,0,5.1800823358801344e-05,Low Risk
14389.0,9,5,999.72,0,6.50336861665225e-05,Low Risk
14390.0,10,13,4592.47,0,5.031071780674008e-05,Low Risk
14393.0,218,1,67.95,1,0.9999992513267512,High Risk
14395.0,2,12,3471.91,0,2.2047714362247573e-05,Low Risk
14396.0,65,2,487.99,0,0.038495156493244795,Low Risk
14397.0,1,23,2556.68,0,1.568558296224447e-05,Low Risk
14400.0,141,2,559.7,1,0.995326627329591,High Risk
14401.0,4,14,4039.98,0,2.5597151792777192e-05,Low Risk
14403.0,130,5,1426.31,1,0.9820738120091975,High Risk
14404.0,34,7,1434.72,0,0.001019400238877255,Low Risk
14406.0,119,1,156.75,1,0.9488625254538908,High Risk
14407.0,107,9,2111.08,1,0.7815144712203906,High Risk
14408.0,11,7,2606.53,0,7.183541888187104e-05,Low Risk
14409.0,71,7,1908.25,0,0.06111973626888747,Low Risk
14410.0,16,15,576.3,0,0.00011430968434612354,Low Risk
14411.0,311,1,1063.0,1,0.9999999999784284,High Risk
14412.0,35,3,761.33,0,0.001300621111493814,Low Risk
14413.0,362,1,122.7,1,0.9999999999999349,High Risk
14414.0,92,8,1485.13,1,0.40981334244283346,Medium Risk
14415.0,1,18,5811.56,0,1.5181507796829953e-05,Low Risk
14416.0,22,2,490.22,0,0.00031143267147739403,Low Risk
14418.0,4,3,1937.25,0,3.7139953547864744e-05,Low Risk
14419.0,11,6,1058.06,0,7.930312511878669e-05,Low Risk
14420.0,85,2,385.87,0,0.2779819400851377,Low Risk
14421.0,57,2,813.11,0,0.01571988141969061,Low Risk
14422.0,1,6,4263.64,0,2.1985261874088858e-05,Low Risk
14423.0,218,1,265.2,1,0.9999992442136819,High Risk
14424.0,18,1,322.08,0,0.0002048564203827784,Low Risk
14426.0,19,16,3918.9,0,0.00013332129412518487,Low Risk
14427.0,50,2,363.34,0,0.007348198876330307,Low Risk
14428.0,7,7,1230.14,0,4.884580538484823e-05,Low Risk
14431.0,299,2,397.7600000000001,1,0.9999999999169615,High Risk
14432.0,10,6,2255.51,0,6.688374621326821e-05,Low Risk
14434.0,22,6,1372.8,0,0.00027048470005799853,Low Risk
14436.0,99,1,89.06,1,0.6604754658044554,Medium Risk
14437.0,143,2,-43.400000000000006,1,0.9963738822459479,High Risk
14438.0,306,1,131.9,1,0.9999999999637157,High Risk
14439.0,320,1,2661.24,1,0.9999999999915714,High Risk
14440.0,8,5,2357.68,0,5.442846404098791e-05,Low Risk
14441.0,1,10,1545.14,0,2.269164535342345e-05,Low Risk
14442.0,2,5,1544.62,0,2.874078845228759e-05,Low Risk
14443.0,54,7,1400.88,0,0.00968618685062648,Low Risk
14446.0,1,4,1039.58,0,2.6957892376324185e-05,Low Risk
14447.0,19,5,1163.23,0,0.0001995811730393262,Low Risk
14448.0,9,2,375.35,0,7.215768992553934e-05,Low Risk
14449.0,19,4,907.1,0,0.00020709275889775508,Low Risk
14450.0,181,3,483.25,1,0.9999476410625647,High Risk
14451.0,60,2,662.59,0,0.022075117275546643,Low Risk
14452.0,11,2,264.44,0,9.092271130767154e-05,Low Risk
14453.0,190,1,119.93,1,0.9999822740280618,High Risk
14456.0,5,14,3047.63,0,3.0053472901367705e-05,Low Risk
14457.0,311,1,113.64,1,0.9999999999793883,High Risk
14459.0,155,1,1837.92,1,0.9989988373500889,High Risk
14460.0,110,4,383.34,1,0.8605061413122305,High Risk
14461.0,148,3,2103.06,1,0.9976547838092555,High Risk
14462.0,64,15,1965.9,0,0.023602540429917985,Low Risk
14463.0,98,3,529.62,1,0.6182237129706344,Medium Risk
14465.0,247,3,1058.62,1,0.9999999688065818,High Risk
14466.0,29,7,2272.4,0,0.0005570361522221382,Low Risk
14467.0,18,4,598.76,0,0.0001877364156208157,Low Risk
14470.0,12,2,461.19,0,0.00010083612733909419,Low Risk
14472.0,104,8,1936.84,1,0.7248712263580925,High Risk
14473.0,74,2,234.34,0,0.10070212522969767,Low Risk
14474.0,43,2,537.71,0,0.0033189376438382597,Low Risk
14475.0,72,6,799.82,0,0.07302585133423467,Low Risk
14476.0,257,1,215.7,1,0.9999999907819813,High Risk
14477.0,20,5,1307.81,0,0.00022189327276128505,Low Risk
14479.0,254,2,316.25,1,0.9999999866776694,High Risk
14480.0,11,1,279.05,0,9.312864033430567e-05,Low Risk
14481.0,165,2,636.51,1,0.9996866263304631,High Risk
14482.0,18,6,2068.15,0,0.00016654562244467405,Low Risk
14483.0,150,2,129.20000000000002,1,0.9983381951026732,High Risk
14484.0,50,1,321.92,0,0.007545240097936904,Low Risk
14485.0,39,1,165.75,0,0.002206815523962162,Low Risk
14487.0,27,7,1183.58,0,0.00046827635444839067,Low Risk
14488.0,51,2,1047.43,0,0.007956397515688576,Low Risk
14489.0,207,1,463.38,1,0.9999973575147968,High Risk
14491.0,175,2,340.93,1,0.9999001018576033,High Risk
14493.0,7,7,2362.84,0,4.6264275349832625e-05,Low Risk
14494.0,26,1,139.56,0,0.0005098849712656432,Low Risk
14495.0,51,2,123.8,0,0.008313614669710052,Low Risk
14496.0,312,2,538.8100000000001,1,0.9999999999807407,High Risk
14497.0,301,2,457.47,1,0.9999999999335594,High Risk
14498.0,43,5,1957.32,0,0.0028806197277622255,Low Risk
14499.0,26,3,815.32,0,0.0004698814905876766,Low Risk
14500.0,88,3,356.85,0,0.34547472605122825,Medium Risk
14501.0,64,3,190.31,0,0.03418121540055825,Low Risk
14502.0,20,14,2351.02,0,0.0001690454333958727,Low Risk
14503.0,3,6,3543.26,0,2.852435136046491e-05,Low Risk
14504.0,47,4,673.26,0,0.0049229224625218565,Low Risk
14505.0,17,11,5818.7,0,0.00010986200057712073,Low Risk
14506.0,17,5,2012.17,0,0.0001528890139480748,Low Risk
14507.0,24,7,1368.18,0,0.0003308151886464537,Low Risk
14508.0,22,2,276.42,0,0.0003146400912796105,Low Risk
14511.0,11,6,1267.41,0,7.851127181111082e-05,Low Risk
14512.0,188,2,275.28,1,0.9999770571718144,High Risk
14513.0,101,4,438.49,1,0.6900806555210449,Medium Risk
14514.0,61,3,1055.35,0,0.023624656106255817,Low Risk
14515.0,18,6,2102.09,0,0.0001662749072470458,Low Risk
14517.0,33,2,330.45,0,0.0010860309448630825,Low Risk
14518.0,64,1,174.37,0,0.035874776761799086,Low Risk
14520.0,2,2,270.6,0,3.2898024936867074e-05,Low Risk
14522.0,24,4,974.54,0,0.00036300703218226287,Low Risk
14523.0,108,1,241.09,1,0.8421729322904508,High Risk
14524.0,32,9,1867.68,0,0.0007584434182631998,Low Risk
14525.0,9,13,4221.37,0,4.574507559729729e-05,Low Risk
14527.0,3,86,7711.38,0,3.244632635054214e-06,Low Risk
14528.0,37,1,364.22,0,0.001744802140673348,Low Risk
14529.0,60,3,620.04,0,0.02159173294989642,Low Risk
14530.0,26,6,2925.91,0,0.0003943945724513918,Low Risk
14532.0,236,4,932.85,1,0.9999998899351298,High Risk
14533.0,25,9,1812.62,0,0.00034509480090416536,Low Risk
14534.0,3,25,4075.35,0,1.739955704142721e-05,Low Risk
14535.0,59,4,2841.09,0,0.016994985798656926,Low Risk
14536.0,260,1,171.8,1,0.9999999934447323,High Risk
14537.0,58,1,355.56,0,0.01838893281828788,Low Risk
14538.0,65,2,388.25,0,0.038672525840241716,Low Risk
14539.0,16,2,537.48,0,0.00015782675079568375,Low Risk
14540.0,10,3,996.26,0,7.650359718086611e-05,Low Risk
14541.0,59,8,1461.65,0,0.01645936281734004,Low Risk
14542.0,186,1,103.25,1,0.9999721749499887,High Risk
14543.0,4,21,2916.17,0,2.2728893302731726e-05,Low Risk
14544.0,24,2,2024.45,0,0.0003626504967418922,Low Risk
14546.0,4,9,2487.02,0,3.1196199710614525e-05,Low Risk
14547.0,4,9,3986.74,0,2.903211680633541e-05,Low Risk
14548.0,151,2,652.8,1,0.9984777092800244,High Risk
14549.0,311,1,289.24,1,0.999999999979214,High Risk
14550.0,11,2,765.62,0,8.876440131871478e-05,Low Risk
14551.0,18,2,186.23,0,0.00020117014809921635,Low Risk
14552.0,152,1,165.07,1,0.998703773049729,High Risk
14553.0,19,5,859.27,0,0.00020251010410596328,Low Risk
14554.0,10,4,2381.04,0,6.984540347297768e-05,Low Risk
14555.0,57,2,324.14,0,0.016086725437948268,Low Risk
14557.0,64,2,0.0,0,0.03531471857054122,Low Risk
14560.0,7,24,2174.18,0,3.069078882995779e-05,Low Risk
14561.0,76,3,1080.76,0,0.1162078907440969,Low Risk
14562.0,4,22,4709.22,0,2.0348494848235335e-05,Low Risk
14565.0,96,6,3073.77,1,0.5150377196237161,Medium Risk
14566.0,111,1,1432.0,1,0.876119001982975,High Risk
14567.0,35,3,1524.46,0,0.001253957585231811,Low Risk
14569.0,1,1,227.39,0,3.0181600180233716e-05,Low Risk
14570.0,281,2,218.06,1,0.9999999993714535,High Risk
14572.0,3,10,2803.69,0,2.6776276455437877e-05,Low Risk
14573.0,180,13,1603.72,1,0.9999208389068699,High Risk
14576.0,372,1,35.400000000000006,1,0.9999999999999791,High Risk
14577.0,13,4,859.71,0,0.00010542154882326252,Low Risk
14578.0,3,1,168.63,0,3.793595715863176e-05,Low Risk
14581.0,17,1,138.6,0,0.00018460098458123955,Low Risk
14582.0,41,1,114.11,0,0.0027713040690809016,Low Risk
14583.0,6,5,1052.55,0,4.6228889199227276e-05,Low Risk
14584.0,169,5,1029.26,1,0.9997810973402927,High Risk
14585.0,50,1,157.05,0,0.007604656984867209,Low Risk
14586.0,227,3,134.16,1,0.9999997144359482,High Risk
14587.0,19,10,1598.24,0,0.00017278031919171506,Low Risk
14589.0,372,1,39.75,1,0.9999999999999791,High Risk
14591.0,15,4,1447.14,0,0.00012846297191249228,Low Risk
14592.0,35,3,570.46,0,0.0013125609809075097,Low Risk
14593.0,22,3,617.99,0,0.0003019896801692769,Low Risk
14594.0,7,2,379.83,0,5.7558161125930076e-05,Low Risk
14595.0,20,6,1740.6,0,0.00021204194360014892,Low Risk
14597.0,11,2,883.15,0,8.826572426339216e-05,Low Risk
14598.0,44,1,221.97,0,0.0038645182447878536,Low Risk
14600.0,306,1,393.33,1,0.9999999999632583,High Risk
14601.0,11,1,213.96,0,9.341966364604337e-05,Low Risk
14603.0,275,1,660.0,1,0.9999999987666428,High Risk
14606.0,1,128,11713.85,0,7.580087040697734e-07,Low Risk
14607.0,16,17,11341.1,0,6.494579234911851e-05,Low Risk
14608.0,4,4,1785.15,0,3.649995350808094e-05,Low Risk
14609.0,72,4,601.56,0,0.07711131503190494,Low Risk
14616.0,243,3,406.08,1,0.9999999525042509,High Risk
14618.0,9,4,538.59,0,6.814809045054964e-05,Low Risk
14619.0,239,2,379.51,1,0.9999999272952,High Risk
14620.0,204,3,393.28,1,0.9999961174436861,High Risk
14621.0,1,6,1765.76,0,2.4781973509790496e-05,Low Risk
14622.0,185,1,320.58000000000004,1,0.9999685222608498,High Risk
14623.0,32,6,869.35,0,0.0008566701303532719,Low Risk
14624.0,57,2,225.85,0,0.016161476516202474,Low Risk
14625.0,185,5,848.48,1,0.9999643666542145,High Risk
14626.0,9,7,2757.07,0,5.690129069022658e-05,Low Risk
14627.0,312,1,-21.85,1,0.9999999999817084,High Risk
14628.0,91,2,671.96,1,0.42784823839815606,Medium Risk
14629.0,4,3,939.21,0,3.8960058298655345e-05,Low Risk
14631.0,51,3,1006.98,0,0.0077789377502089675,Low Risk
14632.0,263,1,114.56,1,0.9999999953412915,High Risk
14633.0,266,1,344.90000000000003,1,0.9999999966431803,High Risk
14636.0,36,2,609.85,0,0.0015030622090970362,Low Risk
14638.0,51,1,443.6,0,0.008391002204623351,Low Risk
14639.0,52,8,2952.34,0,0.007018033233512199,Low Risk
14640.0,16,8,2042.15,0,0.00012664004368374783,Low Risk
14641.0,22,1,110.46,0,0.0003250729316923672,Low Risk
14642.0,59,1,96.12,0,0.0207939528629196,Low Risk
14643.0,170,3,668.61,1,0.999817071421475,High Risk
14644.0,9,4,780.46,0,6.736252190551495e-05,Low Risk
14645.0,157,2,597.09,1,0.9992283901165059,High Risk
14646.0,2,77,279489.02,0,7.946940560332448e-12,Low Risk
14647.0,201,1,243.22,1,0.9999948513411598,High Risk
14649.0,5,4,1417.29,0,4.159041709534743e-05,Low Risk
14651.0,67,2,654.6,0,0.04742150898050134,Low Risk
14652.0,77,1,114.18,0,0.13940677817140373,Low Risk
14653.0,1,7,1947.55,0,2.3968197950122458e-05,Low Risk
14655.0,4,5,1930.15,0,3.536371709492059e-05,Low Risk
14656.0,169,2,291.05,1,0.9998037799344507,High Risk
14657.0,18,5,838.27,0,0.00018107097367963366,Low Risk
14658.0,5,2,247.15,0,4.621526362462146e-05,Low Risk
14659.0,9,12,2456.53,0,5.102720269866298e-05,Low Risk
14660.0,87,2,285.74,0,0.32654881462292906,Medium Risk
14661.0,27,1,107.95,0,0.000571673244772759,Low Risk
14662.0,29,4,771.17,0,0.0006445383845941372,Low Risk
14664.0,20,2,637.89,0,0.00024673401906735184,Low Risk
14665.0,61,7,1258.38,0,0.02124858242688125,Low Risk
14666.0,24,1,195.25,0,0.0004057599867057808,Low Risk
14667.0,11,27,9231.2,0,3.192353598127112e-05,Low Risk
14669.0,242,3,1269.99,1,0.999999944577566,High Risk
14670.0,280,2,411.53,1,0.9999999992897524,High Risk
14672.0,235,2,765.5500000000001,1,0.9999998836469124,High Risk
14673.0,3,5,1736.4,0,3.188224348836004e-05,Low Risk
14675.0,16,1,604.75,0,0.00016124809757448098,Low Risk
14676.0,31,8,2543.24,0,0.0006723063343449768,Low Risk
14679.0,372,1,-2.55,1,0.9999999999999791,High Risk
14680.0,25,23,26932.34,0,7.328982188956598e-05,Low Risk
14681.0,71,3,498.95,0,0.07138583549609824,Low Risk
14682.0,188,2,52.0,1,0.9999773014348357,High Risk
14684.0,26,5,1236.28,0,0.0004383345305098498,Low Risk
14687.0,107,1,628.38,1,0.8238989775339075,High Risk
14688.0,8,27,5107.38,0,2.7722788746006378e-05,Low Risk
14689.0,209,1,112.8,1,0.9999979268772687,High Risk
14690.0,44,3,358.61,0,0.0036551882772882668,Low Risk
14691.0,31,5,2114.33,0,0.0007389518444672858,Low Risk
14692.0,137,5,582.05,1,0.9921111073622529,High Risk
14693.0,265,1,172.9,1,0.9999999962727255,High Risk
14696.0,4,9,2070.97,0,3.182464098806237e-05,Low Risk
14697.0,218,2,188.61,1,0.9999992281721457,High Risk
14698.0,2,5,1250.76,0,2.9148527405442408e-05,Low Risk
14699.0,214,1,109.13,1,0.9999988215068925,High Risk
14700.0,32,3,2235.3,0,0.0008640117235543387,Low Risk
14701.0,11,12,2486.2200000000003,0,6.38655744156971e-05,Low Risk
14702.0,1,18,3250.64,0,1.7164532859718406e-05,Low Risk
14703.0,15,1,318.17,0,0.00014602370808704802,Low Risk
14704.0,11,9,1546.91,0,7.19395406552304e-05,Low Risk
14705.0,199,1,179.0,1,0.9999935665299113,High Risk
14708.0,3,4,1096.67,0,3.3696374985859954e-05,Low Risk
14709.0,15,14,4911.14,0,8.501913983490775e-05,Low Risk
14710.0,14,4,606.13,0,0.00011946678491014659,Low Risk
14711.0,10,12,2838.2,0,5.609157602962469e-05,Low Risk
14712.0,29,3,917.07,0,0.0006560277329753515,Low Risk
14713.0,9,12,2664.26,0,5.052159760261446e-05,Low Risk
14714.0,24,1,160.19,0,0.00040644226673765656,Low Risk
14715.0,25,4,867.38,0,0.0004084799321178966,Low Risk
14716.0,43,2,329.68,0,0.0033520909815547913,Low Risk
14719.0,2,6,1592.18,0,2.7976462435178625e-05,Low Risk
14720.0,6,3,663.81,0,4.9480900077362496e-05,Low Risk
14722.0,147,1,187.92,1,0.9977199168886702,High Risk
14723.0,10,6,1158.3,0,7.049572110749515e-05,Low Risk
14725.0,25,1,718.08,0,0.00044300863007886365,Low Risk
14727.0,274,1,268.58,1,0.9999999986448607,High Risk
14729.0,374,1,313.49,1,0.9999999999999831,High Risk
14730.0,1,8,2005.06,0,2.3319664346043687e-05,Low Risk
14731.0,47,3,380.02,0,0.00511634474044828,Low Risk
14732.0,8,10,2686.34,0,4.735942254544405e-05,Low Risk
14733.0,9,15,9451.54,0,3.388645676529563e-05,Low Risk
14735.0,4,34,5807.6900000000005,0,1.4357296798011349e-05,Low Risk
14737.0,4,3,1164.55,0,3.8541466659010224e-05,Low Risk
14738.0,39,9,1289.94,0,0.0017172970536705457,Low Risk
14739.0,2,8,3899.1,0,2.3841460125842614e-05,Low Risk
14740.0,191,4,1423.21,1,0.9999818512120682,High Risk
14741.0,12,6,1400.34,0,8.733835076927717e-05,Low Risk
14744.0,16,9,1088.53,0,0.00012933262037070323,Low Risk
14745.0,113,6,1167.16,1,0.8880883803796369,High Risk
14747.0,248,2,294.3,1,0.9999999737946754,High Risk
14748.0,29,6,1311.79,0,0.0005978351134646741,Low Risk
14752.0,44,1,389.64,0,0.003833698334453976,Low Risk
14753.0,87,1,563.15,0,0.3290554093692888,Medium Risk
14754.0,45,2,638.05,0,0.004136589056357241,Low Risk
14755.0,10,12,4965.38,0,5.065384986732639e-05,Low Risk
14756.0,15,1,738.96,0,0.00014310798241105063,Low Risk
14757.0,75,1,420.5,0,0.11296880869017525,Low Risk
14758.0,145,4,1484.06,1,0.9967285431417661,High Risk
14759.0,5,3,1625.97,0,4.2205042820194764e-05,Low Risk
14760.0,294,2,53.8,1,0.9999999998563385,High Risk
14761.0,59,2,255.9,0,0.02014567702070461,Low Risk
14762.0,264,1,300.52,1,0.9999999958015131,High Risk
14764.0,44,2,250.55,0,0.0037655416890278867,Low Risk
14765.0,29,3,254.11,0,0.0006771980821259344,Low Risk
14766.0,8,8,2423.07,0,5.0386983971625975e-05,Low Risk
14768.0,17,3,139.5,0,0.000175706204680713,Low Risk
14769.0,3,10,10641.6,0,1.838949485268822e-05,Low Risk
14770.0,232,2,876.4200000000001,1,0.9999998358581382,High Risk
14772.0,112,1,139.26,1,0.8938877435048701,High Risk
14775.0,58,3,1011.9,0,0.016985566668638433,Low Risk
14776.0,51,13,2195.58,0,0.0057530672254639155,Low Risk
14777.0,4,2,-17.450000000000003,0,4.1807277714663665e-05,Low Risk
14778.0,127,2,730.86,1,0.9775109354951678,High Risk
14779.0,281,3,386.15,1,0.9999999993505391,High Risk
14780.0,55,2,447.68,0,0.012801313601030035,Low Risk
14782.0,320,1,200.1,1,0.9999999999925093,High Risk
14784.0,26,2,289.99,0,0.0004938911135621959,Low Risk
14785.0,10,2,77.4,0,8.194567375306967e-05,Low Risk
14788.0,7,2,679.44,0,5.6737400618791676e-05,Low Risk
14789.0,29,1,197.64,0,0.0007133583376340977,Low Risk
14790.0,17,4,745.06,0,0.00016652038474993384,Low Risk
14792.0,64,2,0.0,0,0.03531471857054122,Low Risk
14793.0,4,2,214.14,0,4.13457070566551e-05,Low Risk
14794.0,3,9,1272.11,0,2.953603911873502e-05,Low Risk
14795.0,166,1,131.45000000000002,1,0.9997334325245638,High Risk
14796.0,1,27,7839.51,0,1.103191563818323e-05,Low Risk
14798.0,53,3,173.74,0,0.010123474218855432,Low Risk
14799.0,51,1,157.7,0,0.00850581513921375,Low Risk
14800.0,48,16,4236.34,0,0.003460431145782939,Low Risk
14801.0,61,1,193.14,0,0.02580927450603066,Low Risk
14803.0,162,3,845.5500000000001,1,0.9995448000008785,High Risk
14804.0,9,1,353.27,0,7.40384855576871e-05,Low Risk
14805.0,15,4,554.65,0,0.00013407784604458028,Low Risk
14806.0,75,1,193.39,0,0.11406441961029806,Low Risk
14808.0,40,15,2175.37,0,0.00158933280390721,Low Risk
14810.0,41,11,2087.88,0,0.001971417525021298,Low Risk
14813.0,370,2,155.43,1,0.9999999999999729,High Risk
14815.0,37,2,778.5,0,0.0016689292623091147,Low Risk
14816.0,197,1,271.85,1,0.9999919003460745,High Risk
14817.0,200,2,1110.34,1,0.9999938410399709,High Risk
14818.0,74,3,657.8,0,0.09670165239507729,Low Risk
14819.0,64,2,272.07,0,0.034873061939182846,Low Risk
14820.0,21,4,507.29,0,0.000264577373714772,Low Risk
14821.0,367,1,48.8,1,0.9999999999999631,High Risk
14823.0,180,3,321.43,1,0.9999418347464517,High Risk
14824.0,10,4,1127.71,0,7.417030777473345e-05,Low Risk
14825.0,4,12,2226.9100000000003,0,2.9333905446539548e-05,Low Risk
14828.0,197,3,2139.76,1,0.9999906934746257,High Risk
14829.0,29,6,644.65,0,0.0006172523173742782,Low Risk
14830.0,53,1,197.13,0,0.010618360536333223,Low Risk
14834.0,18,8,1698.35,0,0.0001613624982184849,Low Risk
14836.0,10,3,102.45,0,7.985265895471525e-05,Low Risk
14837.0,90,5,1641.2,0,0.37190497641188,Medium Risk
14840.0,268,1,62.85,1,0.999999997357792,High Risk
14841.0,53,6,3295.76,0,0.008110800167457313,Low Risk
14842.0,35,8,2456.8,0,0.001060170788577061,Low Risk
14844.0,64,4,3189.81,0,0.02903554982670128,Low Risk
14847.0,149,1,309.40000000000003,1,0.9981694284193942,High Risk
14849.0,22,28,7904.28,0,0.0001149405989316397,Low Risk
14850.0,312,2,278.15,1,0.9999999999809799,High Risk
14851.0,23,2,511.35,0,0.0003482993155236868,Low Risk
14852.0,58,6,2836.69,0,0.014489108950410674,Low Risk
14853.0,9,3,463.05,0,7.010380535327406e-05,Low Risk
14854.0,78,8,2749.89,0,0.1185353910451066,Low Risk
14855.0,119,2,645.65,1,0.9464769488897363,High Risk
14856.0,36,3,1311.38,0,0.0014180520329805486,Low Risk
14857.0,60,3,1165.65,0,0.021046028144023718,Low Risk
14859.0,13,5,1352.04,0,0.00010045355211718964,Low Risk
14860.0,9,2,168.62,0,7.287631332625724e-05,Low Risk
14861.0,52,1,125.79,0,0.009527456180147359,Low Risk
14862.0,26,2,841.2,0,0.0004810173066660137,Low Risk
14863.0,29,1,266.76,0,0.0007110001611560757,Low Risk
14865.0,7,2,52.2,0,5.846927635341972e-05,Low Risk
14866.0,11,13,14197.45,0,3.554161662160173e-05,Low Risk
14867.0,186,4,701.33,1,0.9999691656613835,High Risk
14868.0,3,9,2939.64,0,2.7266885443324306e-05,Low Risk
14869.0,4,3,721.95,0,3.93679444479216e-05,Low Risk
14870.0,262,1,327.25,1,0.99999999473088,High Risk
14871.0,3,4,522.38,0,3.4636930605201675e-05,Low Risk
14873.0,210,1,519.68,1,0.999998111783098,High Risk
14875.0,9,5,1448.72,0,6.364889444365132e-05,Low Risk
14878.0,13,9,1485.54,0,9.043282969411833e-05,Low Risk
14880.0,77,3,706.19,0,0.13034004012482558,Low Risk
14881.0,20,1,255.4,0,0.00025757500945490974,Low Risk
14882.0,27,2,589.7,0,0.000545021293703044,Low Risk
14883.0,19,7,756.64,0,0.00019371141704337588,Low Risk
14885.0,132,1,765.3199999999999,1,0.9873784441876158,High Risk
14886.0,253,1,364.8,1,0.9999999854145654,High Risk
14887.0,79,1,1862.0,0,0.15733958770748166,Low Risk
14888.0,207,1,369.2,1,0.9999973694185285,High Risk
14889.0,336,1,135.9,1,0.9999999999987741,High Risk
14890.0,254,1,125.65,1,0.9999999871205912,High Risk
14891.0,148,2,554.38,1,0.9978751927891691,High Risk
14893.0,10,2,1237.85,0,7.75117556244502e-05,Low Risk
14894.0,85,1,655.75,0,0.28034370642630974,Low Risk
14895.0,8,24,11020.26,0,2.248443821426279e-05,Low Risk
14896.0,205,2,468.77,1,0.9999966043004664,High Risk
14897.0,8,4,1366.38,0,5.850312112340264e-05,Low Risk
14898.0,23,8,1228.32,0,0.00029023816649021474,Low Risk
14901.0,11,10,1414.99,0,7.063155396793837e-05,Low Risk
14902.0,21,2,314.11,0,0.0002805432235273917,Low Risk
14903.0,21,10,2744.48,0,0.00020497671684613605,Low Risk
14904.0,2,2,1025.44,0,3.172887588038948e-05,Low Risk
14905.0,154,3,599.9,1,0.9988904201604996,High Risk
14907.0,3,10,3478.85,0,2.592351161674892e-05,Low Risk
14908.0,74,1,277.8,0,0.1027665369420531,Low Risk
14910.0,3,7,389.86,0,3.237064608134657e-05,Low Risk
14911.0,1,248,132572.62,0,1.1953412494845307e-10,Low Risk
14912.0,17,3,841.52,0,0.00016989229370818691,Low Risk
14913.0,36,4,1227.43,0,0.001389109748196428,Low Risk
14915.0,86,3,258.83000000000004,0,0.29730812308462495,Low Risk
14916.0,71,5,1264.84,0,0.06588681267139562,Low Risk
14918.0,116,2,1610.15,1,0.9232686542293795,High Risk
14920.0,213,2,977.77,1,0.9999985901519716,High Risk
14921.0,30,2,1316.07,0,0.0007384815658446126,Low Risk
14923.0,51,1,749.1,0,0.008270016180574517,Low Risk
14924.0,246,1,310.05,1,0.999999967930646,High Risk
14929.0,32,1,223.88,0,0.000999471082224719,Low Risk
14930.0,109,3,2372.86,1,0.8369720949549447,High Risk
14931.0,5,6,964.68,0,4.045619136419027e-05,Low Risk
14932.0,366,1,363.53,1,0.999999999999958,High Risk
14934.0,73,3,1888.84,0,0.08268849294754005,Low Risk
14935.0,297,1,1784.71,1,0.9999999998914753,High Risk
14936.0,9,9,8117.42,0,4.188851571443378e-05,Low Risk
14937.0,57,4,1617.63,0,0.014415915126884568,Low Risk
14944.0,30,14,5842.95,0,0.0004422086619841436,Low Risk
14946.0,14,1,100.9,0,0.00013179796018606866,Low Risk
14947.0,72,2,290.82,0,0.08180940358482354,Low Risk
14948.0,23,7,1066.57,0,0.00029980163479781646,Low Risk
14950.0,9,2,361.25,0,7.220647761178735e-05,Low Risk
14951.0,79,1,311.69,0,0.1674460820308063,Low Risk
14952.0,46,15,7912.79,0,0.0023751283120040604,Low Risk
14953.0,25,1,289.82,0,0.0004521936924441653,Low Risk
14954.0,12,1,336.17,0,0.00010397614485062322,Low Risk
14957.0,253,1,58.49,1,0.9999999856271777,High Risk
14958.0,147,3,499.68,1,0.9975688723705542,High Risk
14959.0,59,5,684.97,0,0.018360775808018533,Low Risk
14960.0,8,2,221.27,0,6.493058139342685e-05,Low Risk
14961.0,11,12,7006.58,0,5.142319519252967e-05,Low Risk
14962.0,271,1,126.7,1,0.9999999981112992,High Risk
14963.0,10,5,1487.8,0,7.112435938208937e-05,Low Risk
14964.0,247,1,206.21,1,0.9999999714974385,High Risk
14965.0,96,2,599.0,1,0.5689347633910009,Medium Risk
14966.0,15,1,191.32,0,0.00014691427029868575,Low Risk
14967.0,50,1,463.8,0,0.007494477468034221,Low Risk
14968.0,30,1,147.59,0,0.000800490706160613,Low Risk
14970.0,68,4,1592.06,0,0.04827059666861915,Low Risk
14971.0,35,3,1116.57,0,0.0012786871403916594,Low Risk
14972.0,128,1,114.77,1,0.9809063047326168,High Risk
14973.0,107,3,1314.45,1,0.8116475394291764,High Risk
14974.0,37,1,114.39,0,0.0017657876536564092,Low Risk
14975.0,57,1,279.94,0,0.01651635575178816,Low Risk
14976.0,57,8,765.86,0,0.013616452867182851,Low Risk
14978.0,72,5,1931.42,0,0.07104902023673297,Low Risk
14981.0,246,1,102.12,1,0.9999999682487272,High Risk
14984.0,19,2,213.27,0,0.00022492339926109836,Low Risk
14985.0,198,2,296.75,1,0.9999925756779624,High Risk
14987.0,16,2,326.4,0,0.0001594316608376227,Low Risk
14988.0,212,1,334.54,1,0.9999985068319492,High Risk
14995.0,39,2,233.23,0,0.0021462063072078042,Low Risk
14997.0,46,4,540.98,0,0.004427401089935057,Low Risk
14998.0,170,2,429.87,1,0.9998235596831166,High Risk
15000.0,48,1,490.52,0,0.005980784052650478,Low Risk
15002.0,116,4,1641.76,1,0.9195867550812178,High Risk
15004.0,147,1,1246.32,1,0.9976015268619178,High Risk
15005.0,16,35,6180.49,0,5.3347093104708685e-05,Low Risk
15006.0,51,1,502.09,0,0.00836770357133652,Low Risk
15007.0,159,1,156.91,1,0.9994118227479929,High Risk
15009.0,12,3,1261.78,0,9.467485716094889e-05,Low Risk
15010.0,36,1,308.94,0,0.0015629023556992562,Low Risk
15012.0,54,2,423.04,0,0.011463344846934986,Low Risk
15014.0,43,2,260.17,0,0.003363242059246669,Low Risk
15016.0,173,1,170.04,1,0.9998788389486958,High Risk
15017.0,34,1,125.58,0,0.0012583256682528023,Low Risk
15018.0,39,4,456.26,0,0.002021390857151094,Low Risk
15019.0,267,1,266.0,1,0.9999999970129607,High Risk
15021.0,9,13,1872.28,0,5.119760644975556e-05,Low Risk
15022.0,12,4,905.04,0,9.396069441021692e-05,Low Risk
15023.0,3,12,6763.16,0,2.108070288028755e-05,Low Risk
15024.0,10,10,1661.33,0,6.23489594866211e-05,Low Risk
15025.0,33,1,377.01,0,0.0011106523607240688,Low Risk
15026.0,80,3,469.0,0,0.17540451005361543,Low Risk
15027.0,31,6,1051.95,0,0.0007585953223023462,Low Risk
15028.0,8,4,627.13,0,6.0613475379659015e-05,Low Risk
15030.0,72,2,518.28,0,0.08099403502134077,Low Risk
15031.0,4,4,668.14,0,3.850768476630721e-05,Low Risk
15032.0,256,5,4464.1,1,0.999999986036411,High Risk
15033.0,5,11,2571.02,0,3.3110393524032716e-05,Low Risk
15034.0,16,11,4277.66,0,0.00010565477910194886,Low Risk
15035.0,90,1,252.73,0,0.41125192357843554,Medium Risk
15036.0,72,3,465.55,0,0.07936079001575333,Low Risk
15038.0,43,7,665.59,0,0.00291696802729721,Low Risk
15039.0,10,52,19786.44,0,9.277212928848498e-06,Low Risk
15041.0,170,1,180.35,1,0.9998299057632093,High Risk
15042.0,199,1,135.93,1,0.9999935797996433,High Risk
15043.0,31,1,537.0,0,0.0008795466267281808,Low Risk
15044.0,19,22,7629.38,0,9.624272381979036e-05,Low Risk
15045.0,152,3,633.66,1,0.9986073975834737,High Risk
15046.0,9,16,5064.01,0,4.0799496811996605e-05,Low Risk
15047.0,270,1,343.62,1,0.9999999978633971,High Risk
15048.0,65,5,380.57,0,0.03602538385421033,Low Risk
15049.0,274,1,121.17000000000002,1,0.9999999986544035,High Risk
15050.0,25,5,1727.17,0,0.0003824417774477562,Low Risk
15051.0,23,3,1391.61,0,0.0003257763204520538,Low Risk
15052.0,319,1,215.78,1,0.9999999999916076,High Risk
15053.0,5,3,697.79,0,4.412534048857794e-05,Low Risk
15054.0,12,2,302.1,0,0.0001016080346189521,Low Risk
15057.0,275,2,1489.5,1,0.9999999986845483,High Risk
15058.0,25,11,2124.99,0,0.0003236027616839574,Low Risk
15059.0,41,11,1325.82,0,0.002044620561722339,Low Risk
15060.0,8,4,303.09000000000003,0,6.156235633382553e-05,Low Risk
15061.0,4,55,54228.74,0,8.39312407522309e-07,Low Risk
15062.0,71,4,987.86,0,0.06826148663716687,Low Risk
15063.0,213,1,370.8,1,0.9999986639605096,High Risk
15065.0,38,6,3135.98,0,0.001512182003721944,Low Risk
15066.0,32,2,760.59,0,0.0009503888526962552,Low Risk
15067.0,78,3,1744.76,0,0.13766565011894016,Low Risk
15068.0,46,2,553.36,0,0.004647582412112516,Low Risk
15069.0,179,1,1109.53,1,0.9999356303134194,High Risk
15070.0,373,1,106.2,1,0.9999999999999813,High Risk
15071.0,94,2,982.07,1,0.5083203347571932,Medium Risk
15073.0,10,4,612.43,0,7.602515640771113e-05,Low Risk
15074.0,105,1,748.87,1,0.7877399948154353,High Risk
15075.0,78,1,773.03,0,0.14945501590943344,Low Risk
15076.0,173,1,880.85,1,0.999874639660682,High Risk
15078.0,7,38,9623.35,0,1.5201973452438856e-05,Low Risk
15079.0,213,5,893.66,1,0.9999984879395235,High Risk
15081.0,22,6,487.35,0,0.0002822100900202235,Low Risk
15083.0,257,1,88.2,1,0.9999999908381526,High Risk
15087.0,282,1,306.94,1,0.999999999449918,High Risk
15088.0,21,3,1140.27,0,0.0002630818150555036,Low Risk
15089.0,10,6,2420.84,0,6.635576731896295e-05,Low Risk
15090.0,308,1,381.32,1,0.999999999970703,High Risk
15091.0,54,2,476.96,0,0.011434089938089937,Low Risk
15092.0,215,2,457.81,1,0.9999989028697869,High Risk
15093.0,18,9,4410.14,0,0.00013824123330943462,Low Risk
15095.0,104,5,1364.7,1,0.7446361823424748,High Risk
15096.0,43,1,219.39,0,0.0034536932529965997,Low Risk
15097.0,4,1,248.08,0,4.230964678329585e-05,Low Risk
15098.0,182,5,649.5,1,0.9999504731160809,High Risk
15099.0,84,1,410.48,0,0.2603927709586707,Low Risk
15100.0,330,6,635.1,1,0.9999999999972029,High Risk
15101.0,9,3,310.03000000000003,0,7.061991987581355e-05,Low Risk
15103.0,31,2,703.36,0,0.000851317436909493,Low Risk
15104.0,167,3,1002.54,1,0.999739184580734,High Risk
15105.0,18,7,2298.93,0,0.00016069965275896772,Low Risk
15106.0,18,7,1407.73,0,0.00016771292477116582,Low Risk
15107.0,311,8,247.66,1,0.9999999999753442,High Risk
15108.0,142,5,1291.75,1,0.9953443216269824,High Risk
15109.0,241,2,463.75,1,0.9999999417590871,High Risk
15110.0,24,7,970.25,0,0.00033718443028654725,Low Risk
15111.0,29,3,1567.48,0,0.000635901009027502,Low Risk
15113.0,10,4,3439.41,0,6.639023988672243e-05,Low Risk
15114.0,30,10,2760.56,0,0.0005657343095447449,Low Risk
15115.0,18,1,340.11,0,0.00020467946581034772,Low Risk
15116.0,18,4,1352.75,0,0.000181072903550387,Low Risk
15117.0,15,6,1550.13,0,0.00012167591946155838,Low Risk
15118.0,134,1,244.8,1,0.9901507165710379,High Risk
15119.0,246,1,266.4,1,0.9999999679976829,High Risk
15120.0,130,2,343.82,1,0.9841611120119328,High Risk
15121.0,50,2,457.72,0,0.007315269526271343,Low Risk
15122.0,85,6,1612.13,0,0.24750223169843302,Low Risk
15123.0,7,2,2199.31,0,5.275063810649007e-05,Low Risk
15124.0,23,2,184.19,0,0.00035380311191820206,Low Risk
15125.0,25,23,11117.05,0,0.00015641534479318166,Low Risk
15127.0,66,1,406.53,0,0.04408882704154077,Low Risk
15128.0,60,8,1419.54,0,0.018427407769934862,Low Risk
15129.0,50,11,3447.4,0,0.005087623712093363,Low Risk
15130.0,170,1,330.11,1,0.9998286804023516,High Risk
15132.0,18,5,977.93,0,0.00017986292961412324,Low Risk
15133.0,128,3,982.42,1,0.9791263887456959,High Risk
15134.0,15,8,1387.99,0,0.00011672139691991779,Low Risk
15135.0,233,2,127.15,1,0.9999998585590075,High Risk
15136.0,3,5,1282.45,0,3.258365026367296e-05,Low Risk
15139.0,240,2,178.96,1,0.9999999356804082,High Risk
15140.0,52,8,2350.0,0,0.007222154221517528,Low Risk
15142.0,46,1,498.74,0,0.004775561648483394,Low Risk
15143.0,226,1,259.45,1,0.9999996938569584,High Risk
15144.0,8,18,6530.04,0,3.233400822414947e-05,Low Risk
15145.0,4,4,1194.73,0,3.754778355211858e-05,Low Risk
15146.0,165,3,1313.66,1,0.9996682058876633,High Risk
15147.0,219,2,608.65,1,0.9999992965694054,High Risk
15148.0,11,1,301.29,0,9.302941119931897e-05,Low Risk
15149.0,134,1,520.8000000000001,1,0.9900208410148782,High Risk
15150.0,17,11,5303.97,0,0.00011260635661477181,Low Risk
15152.0,10,16,4684.24,0,4.6516118017365e-05,Low Risk
15153.0,31,1,329.25,0,0.0008883423476680953,Low Risk
15154.0,74,2,240.27,0,0.10067638332615116,Low Risk
15156.0,1,3,961.49,0,2.7734953326368516e-05,Low Risk
15157.0,4,5,1869.5,0,3.5466684053413965e-05,Low Risk
15158.0,45,1,401.4,0,0.004287652013906621,Low Risk
15159.0,2,34,18573.68,0,6.2115727782219515e-06,Low Risk
15160.0,357,1,158.16,1,0.9999999999998854,High Risk
15163.0,18,2,304.47,0,0.00020003329631567755,Low Risk
15164.0,69,3,843.05,0,0.05689621123331359,Low Risk
15165.0,373,1,487.75,1,0.9999999999999809,High Risk
15167.0,321,1,163.0,1,0.9999999999933211,High Risk
15168.0,26,1,106.56,0,0.0005106918363767266,Low Risk
15171.0,325,2,1034.5,1,0.9999999999954565,High Risk
15172.0,9,5,1624.05,0,6.311618689251019e-05,Low Risk
15174.0,323,1,135.75,1,0.9999999999946785,High Risk
15175.0,72,1,224.14,0,0.08392754116907279,Low Risk
15178.0,260,1,40.5,1,0.9999999934858645,High Risk
15179.0,18,7,2186.2000000000003,0,0.00016157031832643844,Low Risk
15180.0,367,1,87.5,1,0.9999999999999631,High Risk
15181.0,66,5,680.28,0,0.03960914871018011,Low Risk
15182.0,154,2,622.85,1,0.9989162438387822,High Risk
15184.0,29,2,406.76,0,0.0006890463591899703,Low Risk
15185.0,70,1,310.62,0,0.06785310881268354,Low Risk
15186.0,14,2,411.41,0,0.000126686436503383,Low Risk
15187.0,2,18,4670.08,0,1.7952441611569426e-05,Low Risk
15189.0,1,53,15802.14,0,3.96512417902586e-06,Low Risk
15192.0,120,3,1044.32,1,0.9498733807489448,High Risk
15193.0,61,1,499.32,0,0.025442778193541356,Low Risk
15194.0,3,22,7521.17,0,1.588347389228706e-05,Low Risk
15195.0,3,1,3861.0,0,3.178184967764706e-05,Low Risk
15197.0,9,5,656.44,0,6.611270652107948e-05,Low Risk
15198.0,92,2,193.64,1,0.46138294941400115,Medium Risk
15199.0,59,4,1268.7,0,0.018301227837045148,Low Risk
15201.0,79,11,927.84,0,0.13237509444281476,Low Risk
15203.0,26,6,1827.8,0,0.00041570394412565435,Low Risk
15204.0,357,1,316.58,1,0.9999999999998845,High Risk
15205.0,85,3,648.8299999999999,0,0.27056168144013587,Low Risk
15206.0,10,4,420.3,0,7.672857498567955e-05,Low Risk
15208.0,1,6,867.62,0,2.5872270623336825e-05,Low Risk
15210.0,225,1,331.18,1,0.999999656076246,High Risk
15211.0,60,2,894.4100000000001,0,0.021836474960792465,Low Risk
15212.0,239,2,88.95,1,0.9999999283009053,High Risk
15213.0,319,3,325.05,1,0.9999999999911366,High Risk
15214.0,2,8,1661.44,0,2.6541129340930082e-05,Low Risk
15215.0,45,6,615.99,0,0.0037532261565977527,Low Risk
15216.0,88,1,96.6,0,0.35958510215184175,Medium Risk
15218.0,11,11,5756.89,0,5.596177129745814e-05,Low Risk
15219.0,176,1,305.75,1,0.9999130899095126,High Risk
15220.0,52,7,1758.92,0,0.0076123412138039675,Low Risk
15221.0,366,2,114.1,1,0.9999999999999576,High Risk
15222.0,319,1,585.0,1,0.9999999999914577,High Risk
15223.0,226,3,454.9,1,0.9999996753423334,High Risk
15224.0,358,3,310.48,1,0.9999999999998916,High Risk
15225.0,234,1,409.4,1,0.9999998750629372,High Risk
15226.0,311,1,154.41,1,0.9999999999793479,High Risk
15227.0,37,5,1219.4,0,0.0015176659784238561,Low Risk
15228.0,66,5,3376.96,0,0.03497374811847371,Low Risk
15230.0,239,2,429.6,1,0.9999999271204052,High Risk
15232.0,113,2,612.06,1,0.8999501851519721,High Risk
15234.0,277,1,197.0,1,0.9999999990375892,High Risk
15235.0,218,12,2247.51,1,0.9999989096988232,High Risk
15236.0,299,1,321.05,1,0.9999999999192828,High Risk
15237.0,2,4,1412.32,0,2.9646181970836674e-05,Low Risk
15238.0,29,5,1056.54,0,0.0006203002289410889,Low Risk
15239.0,10,3,764.34,0,7.735885297731496e-05,Low Risk
15240.0,45,7,1685.57,0,0.0034796812296243197,Low Risk
15241.0,67,9,1738.59,0,0.038243623333688144,Low Risk
15243.0,74,1,316.68,0,0.10259480347271899,Low Risk
15244.0,65,2,631.57,0,0.03824119640446273,Low Risk
15245.0,134,3,2515.84,1,0.9884817444263058,High Risk
15246.0,238,2,514.15,1,0.9999999180760937,High Risk
15247.0,122,1,356.0,1,0.9626724314697733,High Risk
15249.0,32,15,6657.360000000001,0,0.0005200083458742143,Low Risk
15251.0,9,15,10327.11,0,3.249357821842021e-05,Low Risk
15252.0,36,2,740.78,0,0.00149367151382969,Low Risk
15253.0,16,6,915.3,0,0.00014042936724228914,Low Risk
15254.0,127,1,300.36,1,0.9784857936900736,High Risk
15255.0,67,1,890.85,0,0.048028168932600965,Low Risk
15256.0,149,1,98.45,1,0.9981878140041598,High Risk
15257.0,281,2,232.15,1,0.9999999993710289,High Risk
15258.0,169,2,623.16,1,0.9998006315072093,High Risk
15260.0,100,8,1780.77,1,0.6282043546029792,Medium Risk
15261.0,135,1,254.82,1,0.9911890235882771,High Risk
15262.0,324,1,178.95000000000002,1,0.9999999999952367,High Risk
15263.0,107,1,156.51,1,0.8271570625932078,High Risk
15264.0,64,1,393.74,0,0.03551280528802506,Low Risk
15265.0,151,2,1506.12,1,0.9984142453988908,High Risk
15266.0,338,1,119.3,1,0.9999999999990228,High Risk
15267.0,22,5,1717.36,0,0.00027269933500682285,Low Risk
15269.0,24,1,408.8,0,0.0004016288815337017,Low Risk
15270.0,16,9,2298.2,0,0.00012204671837403477,Low Risk
15271.0,7,16,2485.82,0,3.683369198044877e-05,Low Risk
15272.0,57,2,721.94,0,0.015787650643085217,Low Risk
15274.0,4,2,716.57,0,4.036178259111361e-05,Low Risk
15275.0,31,2,609.19,0,0.0008551660679446218,Low Risk
15276.0,66,1,135.31,0,0.044640062035398276,Low Risk
15277.0,47,1,255.9,0,0.005405671885281968,Low Risk
15279.0,355,2,277.41,1,0.9999999999998519,High Risk
15280.0,172,1,113.12,1,0.9998647254098395,High Risk
15281.0,59,12,2239.95,0,0.014396430177473902,Low Risk
15286.0,50,1,240.55,0,0.007574506927781413,Low Risk
15287.0,22,3,485.24,0,0.00030391707341326257,Low Risk
15288.0,43,5,2306.52,0,0.0028329337074252236,Low Risk
15289.0,29,4,935.1,0,0.0006394962192118159,Low Risk
15290.0,5,21,7803.769999999999,0,2.0130972763795424e-05,Low Risk
15291.0,26,20,4596.51,0,0.00025774152093510405,Low Risk
15292.0,201,1,180.94,1,0.999994866690347,High Risk
15296.0,44,10,3610.31,0,0.002634162498301714,Low Risk
15297.0,10,4,635.0400000000001,0,7.59428028026898e-05,Low Risk
15298.0,2,14,3774.1,0,2.0684288082027282e-05,Low Risk
15299.0,67,11,3787.09,0,0.03317126439444031,Low Risk
15300.0,64,1,496.44,0,0.03534455646170533,Low Risk
15301.0,51,14,5028.12,0,0.004904344524395988,Low Risk
15303.0,290,1,574.02,1,0.9999999997742473,High Risk
15304.0,61,10,680.3,0,0.02030650826062303,Low Risk
15306.0,64,3,1174.35,0,0.03265761870699795,Low Risk
15307.0,96,1,205.3,1,0.579581256304191,Medium Risk
15308.0,271,2,302.27,1,0.9999999980477541,High Risk
15311.0,1,118,59419.34,0,9.854033883348193e-08,Low Risk
15312.0,75,5,921.1,0,0.10124518833581028,Low Risk
15313.0,110,1,52.0,1,0.8709526341945136,High Risk
15314.0,199,1,327.97,1,0.9999935204208757,High Risk
15315.0,64,3,551.54,0,0.03361411493751607,Low Risk
15316.0,327,1,165.0,1,0.9999999999966078,High Risk
15318.0,4,1,312.62,0,4.217894803763419e-05,Low Risk
15319.0,284,1,204.5,1,0.9999999995632771,High Risk
15320.0,44,1,267.13,0,0.003856193050689969,Low Risk
15321.0,49,4,2650.73,0,0.005608437381487009,Low Risk
15322.0,64,2,602.97,0,0.034343078037938346,Low Risk
15325.0,104,1,162.29,1,0.7732137454589202,High Risk
15326.0,334,1,311.71,1,0.9999999999984504,High Risk
15327.0,53,1,208.75,0,0.01061250991335095,Low Risk
15329.0,35,5,1005.5,0,0.0012236821767482103,Low Risk
15330.0,32,2,714.9599999999999,0,0.000952468099800261,Low Risk
15332.0,366,4,1661.06,1,0.999999999999952,High Risk
15333.0,208,1,1028.56,1,0.9999975748688725,High Risk
15334.0,157,3,351.67,1,0.9992183724773026,High Risk
15335.0,54,1,173.97,0,0.011885770786620927,Low Risk
15339.0,66,3,557.57,0,0.041764436177136065,Low Risk
15341.0,81,1,2020.52,0,0.18848274302966594,Low Risk
15342.0,116,2,391.76,1,0.9273056052260141,High Risk
15343.0,87,1,364.5,0,0.3311613281212413,Medium Risk
15344.0,1,5,476.58,0,2.7020380288507453e-05,Low Risk
15345.0,35,2,367.69,0,0.001358429804745788,Low Risk
15346.0,333,1,252.42,1,0.99999999999827,High Risk
15347.0,366,1,201.6,1,0.9999999999999585,High Risk
15348.0,72,1,158.04,0,0.08417149152455745,Low Risk
15349.0,158,2,473.81,1,0.9993147890844702,High Risk
15350.0,373,1,115.65,1,0.9999999999999811,High Risk
15351.0,12,10,1862.14,0,7.73981572016125e-05,Low Risk
15353.0,255,2,777.02,1,0.9999999878345277,High Risk
15355.0,29,2,277.05,0,0.000693341374473133,Low Risk
15356.0,31,10,2766.5,0,0.0006331461102011904,Low Risk
15358.0,5,29,8234.8,0,1.618692428400386e-05,Low Risk
15360.0,40,1,427.93,0,0.002439218514713354,Low Risk
15361.0,362,1,418.92,1,0.999999999999934,High Risk
15363.0,241,2,318.05,1,0.9999999421644694,High Risk
15364.0,96,2,913.19,1,0.5652370449923174,Medium Risk
15365.0,26,9,1330.45,0,0.0003953663167591731,Low Risk
15366.0,75,2,602.51,0,0.1096649148746606,Low Risk
15367.0,57,5,1867.69,0,0.013904181320443753,Low Risk
15368.0,21,1,446.94000000000005,0,0.00028572487610088016,Low Risk
15369.0,144,1,-1592.49,1,0.9970641729677436,High Risk
15370.0,41,8,2360.55,0,0.002095057385594662,Low Risk
15372.0,137,1,2007.4,1,0.9923452676027195,High Risk
15373.0,8,13,2213.11,0,4.49895799977015e-05,Low Risk
15374.0,129,1,168.0,1,0.9828674788288543,High Risk
15376.0,40,3,1233.36,0,0.002234286970744852,Low Risk
15379.0,169,8,3631.89,1,0.999732967248849,High Risk
15380.0,9,6,1682.36,0,6.140609369676405e-05,Low Risk
15381.0,214,2,596.85,1,0.9999987634909648,High Risk
15382.0,15,8,5927.86,0,9.389468895119186e-05,Low Risk
15384.0,170,3,635.76,1,0.9998173592201206,High Risk
15385.0,40,1,316.88,0,0.0024522068226797843,Low Risk
15386.0,186,1,394.14,1,0.9999717842195797,High Risk
15388.0,270,1,140.54,1,0.9999999978840972,High Risk
15389.0,172,1,500.0,1,0.9998621934353374,High Risk
15392.0,5,5,1515.73,0,4.03857612527074e-05,Low Risk
15393.0,16,2,231.86,0,0.0001601557602477589,Low Risk
15394.0,10,4,2183.54,0,7.050979632122272e-05,Low Risk
15395.0,326,1,107.45,1,0.9999999999962128,High Risk
15396.0,113,1,288.18,1,0.9035121426811237,High Risk
15397.0,290,1,94.0,1,0.9999999997793829,High Risk
15398.0,16,3,1339.63,0,0.00014817268632541934,Low Risk
15399.0,1,3,815.77,0,2.7929375300710376e-05,Low Risk
15400.0,92,6,666.7,1,0.4313972003383382,Medium Risk
15402.0,149,2,626.77,1,0.9980950745824946,High Risk
15405.0,189,1,349.1,1,0.9999799356676147,High Risk
15406.0,18,4,426.61,0,0.0001892918786498284,Low Risk
15407.0,34,4,1056.44,0,0.001117701371523452,Low Risk
15408.0,264,1,267.18,1,0.9999999958082182,High Risk
15410.0,84,8,3450.84,0,0.20385000368926376,Low Risk
15411.0,26,5,1346.38,0,0.0004360280434117573,Low Risk
15412.0,171,1,190.53,1,0.9998479925016114,High Risk
15414.0,10,3,774.9000000000001,0,7.731970372291837e-05,Low Risk
15415.0,313,1,572.8100000000001,1,0.9999999999831892,High Risk
15416.0,65,5,3974.37,0,0.030497865876389148,Low Risk
15417.0,85,1,508.8,0,0.28176717978673654,Low Risk
15419.0,25,1,135.86,0,0.0004555420457385996,Low Risk
15421.0,59,4,950.36,0,0.018577437359032428,Low Risk
15422.0,323,2,97.7,1,0.9999999999945555,High Risk
15423.0,38,1,43.5,0,0.001983189388226962,Low Risk
15424.0,254,2,383.34,1,0.9999999866347524,High Risk
15426.0,19,7,1429.9,0,0.00018756021637506362,Low Risk
15427.0,33,3,1483.14,0,0.001002682867895064,Low Risk
15428.0,15,1,93.78,0,0.00014760275051528004,Low Risk
15429.0,27,3,364.9,0,0.0005375031534490958,Low Risk
15432.0,23,1,171.19000000000003,0,0.0003628644231812025,Low Risk
15433.0,79,3,417.87,0,0.15999357347157922,Low Risk
15434.0,8,6,997.48,0,5.6679789134590177e-05,Low Risk
15435.0,22,1,149.29,0,0.00032446857106051307,Low Risk
15436.0,12,3,1122.53,0,9.530891943841833e-05,Low Risk
15437.0,262,1,200.16,1,0.999999994762885,High Risk
15438.0,131,1,156.57999999999998,1,0.9862910291279291,High Risk
15440.0,55,3,383.68,0,0.012531118467303608,Low Risk
15442.0,249,1,594.0,1,0.9999999768330513,High Risk
15443.0,2,8,3212.16,0,2.4639647086742105e-05,Low Risk
15444.0,9,2,1418.26,0,6.863899734596978e-05,Low Risk
15445.0,264,1,113.5,1,0.9999999958389869,High Risk
15447.0,331,1,155.17000000000002,1,0.9999999999978417,High Risk
15448.0,313,1,494.64,1,0.9999999999832521,High Risk
15449.0,26,5,971.22,0,0.0004439374227636656,Low Risk
15450.0,30,1,429.84,0,0.0007897407844200774,Low Risk
15452.0,30,3,538.73,0,0.0007478313521746252,Low Risk
15453.0,2,7,1388.37,0,2.7562604204410365e-05,Low Risk
15454.0,362,1,179.1,1,0.9999999999999347,High Risk
15456.0,283,3,447.22,1,0.9999999994803204,High Risk
15457.0,262,1,237.07,1,0.99999999475361,High Risk
15458.0,25,1,161.64,0,0.00045497965461055315,Low Risk
15460.0,354,1,216.76,1,0.9999999999998388,High Risk
15462.0,94,3,234.6,1,0.5111089626218824,Medium Risk
15463.0,29,1,126.14,0,0.0007158059372910252,Low Risk
15464.0,338,1,1048.85,1,0.9999999999989782,High Risk
15465.0,20,24,6945.02,0,0.00010598009145863533,Low Risk
15466.0,85,1,334.53,0,0.2834609767258809,Low Risk
15467.0,9,4,511.88,0,6.823540147476824e-05,Low Risk
15468.0,35,5,438.46,0,0.0012573600916278623,Low Risk
15469.0,43,4,504.5,0,0.0031646501283721065,Low Risk
15471.0,2,1,469.48,0,3.339988552626588e-05,Low Risk
15472.0,113,1,371.56,1,0.9031631132306582,High Risk
15473.0,14,10,1465.2,0,9.887222310316279e-05,Low Risk
15475.0,77,1,454.11,0,0.1374631630992021,Low Risk
15478.0,40,2,1441.42,0,0.00226729916603206,Low Risk
15480.0,116,1,905.5,1,0.9273087151319769,High Risk
15482.0,16,16,6568.72,0,8.367950218392999e-05,Low Risk
15483.0,161,4,233.81,1,0.9994927714069645,High Risk
15484.0,1,5,3563.11,0,2.3304082692389648e-05,Low Risk
15485.0,30,3,2575.0,0,0.000678326933660011,Low Risk
15488.0,93,1,91.32,1,0.4969330752652381,Medium Risk
15489.0,23,4,1090.03,0,0.00032246588723182015,Low Risk
15491.0,95,7,3090.85,1,0.48044667449623923,Medium Risk
15492.0,28,2,659.46,0,0.0006081042731000844,Low Risk
15493.0,33,7,1967.25,0,0.0008877085448726643,Low Risk
15494.0,21,2,1299.23,0,0.000267605702098677,Low Risk
15497.0,18,3,1259.7,0,0.0001864251268592679,Low Risk
15498.0,1,35,12396.46,0,7.2786264642705274e-06,Low Risk
15500.0,8,4,1131.56,0,5.916538068102759e-05,Low Risk
15502.0,16,23,5541.46,0,7.396028127023496e-05,Low Risk
15503.0,363,1,147.09,1,0.9999999999999418,High Risk
15504.0,81,1,52.83,0,0.20333664902581466,Low Risk
15505.0,53,7,3497.14,0,0.007839238322086765,Low Risk
15506.0,23,3,979.26,0,0.0003322781240115879,Low Risk
15507.0,172,1,492.36,1,0.9998622438918192,High Risk
15508.0,189,6,1000.27,1,0.9999765814169745,High Risk
15510.0,331,1,250.0,1,0.999999999997832,High Risk
15511.0,12,5,909.23,0,9.165242593432509e-05,Low Risk
15512.0,156,2,121.0,1,0.9991556967558193,High Risk
15513.0,31,22,14520.08,0,0.0002681406408649702,Low Risk
15514.0,12,13,2963.19,0,6.818092336011355e-05,Low Risk
15516.0,45,3,62.43,0,0.004148636844205527,Low Risk
15517.0,233,1,267.03,1,0.9999998610778313,High Risk
15518.0,64,13,1911.89,0,0.024829567498044183,Low Risk
15520.0,2,1,343.5,0,3.3602204750380334e-05,Low Risk
15521.0,36,13,2574.65,0,0.0010432631158274815,Low Risk
15522.0,33,2,398.84,0,0.001082479985073665,Low Risk
15523.0,84,1,412.0100000000001,0,0.2603786453578586,Low Risk
15524.0,25,1,440.0,0,0.0004489512504473046,Low Risk
15525.0,2,4,811.02,0,3.0513172399749998e-05,Low Risk
15526.0,33,2,148.44,0,0.0010955380993304955,Low Risk
15527.0,19,10,2348.82,0,0.00016667481013868873,Low Risk
15528.0,254,1,229.33,1,0.9999999870564167,High Risk
15529.0,23,12,3967.78,0,0.0002306116406254193,Low Risk
15530.0,22,4,1502.35,0,0.0002824049837647577,Low Risk
15531.0,8,2,2007.44,0,5.960241176693445e-05,Low Risk
15532.0,25,6,1517.08,0,0.00037689966840652705,Low Risk
15533.0,19,5,746.92,0,0.00020360354290590855,Low Risk
15535.0,173,7,459.9,1,0.9998575426883988,High Risk
15537.0,163,1,110.92,1,0.9996263488056825,High Risk
15539.0,7,1,538.46,0,5.854904957721414e-05,Low Risk
15540.0,11,1,213.3,0,9.342261921836544e-05,Low Risk
15541.0,114,1,85.13000000000001,1,0.9136891708629907,High Risk
15543.0,288,1,127.86,1,0.99999999972303,High Risk
15544.0,9,11,3542.51,0,4.964876513286078e-05,Low Risk
15545.0,54,2,292.72,0,0.011534357280261611,Low Risk
15547.0,7,14,4954.84,0,3.437745800602229e-05,Low Risk
15549.0,77,4,1655.76,0,0.12258752204038562,Low Risk
15550.0,4,4,575.63,0,3.867883430322789e-05,Low Risk
15551.0,37,1,436.06,0,0.0017388138603712815,Low Risk
15552.0,217,1,90.12,1,0.9999991609299078,High Risk
15553.0,60,1,437.23,0,0.022854140778255073,Low Risk
15554.0,278,1,217.2,1,0.9999999991395281,High Risk
15555.0,12,20,4758.2,0,5.2636338001031144e-05,Low Risk
15556.0,24,1,279.77,0,0.00040411990050546396,Low Risk
15557.0,29,1,473.65,0,0.0007039881195382705,Low Risk
15561.0,12,5,722.74,0,9.24754171558246e-05,Low Risk
15562.0,352,1,134.55,1,0.9999999999997988,High Risk
15563.0,9,7,1319.69,0,6.0960198885956904e-05,Low Risk
15565.0,50,2,173.16000000000005,0,0.007415000616421812,Low Risk
15567.0,19,1,186.01,0,0.00023084242953011743,Low Risk
15568.0,3,3,758.29,0,3.5102949500423806e-05,Low Risk
15569.0,104,5,1375.71,1,0.7445358040168052,High Risk
15570.0,7,13,4109.97,0,3.669262925310844e-05,Low Risk
15571.0,12,4,650.4300000000001,0,9.51144839327335e-05,Low Risk
15572.0,5,7,2552.86,0,3.657674100007403e-05,Low Risk
15573.0,32,2,607.45,0,0.0009573850524519215,Low Risk
15574.0,178,4,702.25,1,0.9999238991958527,High Risk
15576.0,38,1,940.67,0,0.001899859631131432,Low Risk
15577.0,151,3,258.88,1,0.9984688828179713,High Risk
15578.0,162,1,127.1,1,0.999581372177979,High Risk
15579.0,69,2,348.6,0,0.05954847742291886,Low Risk
15581.0,121,14,3429.9700000000003,1,0.9351674972736671,High Risk
15582.0,25,3,682.9100000000001,0,0.0004223974956511586,Low Risk
15584.0,24,5,722.61,0,0.0003584644843346175,Low Risk
15585.0,177,1,455.3,1,0.9999218114412608,High Risk
15587.0,50,4,913.68,0,0.006815907542776911,Low Risk
15589.0,253,4,456.58,1,0.9999999842246761,High Risk
15590.0,289,1,-30.19,1,0.999999999754474,High Risk
15592.0,47,1,388.58,0,0.005371581758846,Low Risk
15593.0,71,1,199.8,0,0.07572483289494462,Low Risk
15594.0,16,6,1767.53,0,0.0001348084417938018,Low Risk
15596.0,101,9,1343.34,1,0.6533382890811675,Medium Risk
15597.0,30,2,315.72,0,0.0007747311711538288,Low Risk
15598.0,35,3,235.68,0,0.0013337681214280349,Low Risk
15599.0,27,2,761.74,0,0.0005405471343020793,Low Risk
15601.0,11,17,6745.360000000001,0,4.602776187568999e-05,Low Risk
15602.0,8,15,1083.63,0,4.5205928725268367e-05,Low Risk
15603.0,79,1,48.48,0,0.16921253974027722,Low Risk
15604.0,52,1,216.39,0,0.009486556887712052,Low Risk
15605.0,36,5,1198.23,0,0.0013571953318368144,Low Risk
15606.0,57,11,2422.64,0,0.011702107466875913,Low Risk
15607.0,337,1,104.76,1,0.9999999999989067,High Risk
15608.0,28,4,1093.68,0,0.0005669222724924767,Low Risk
15609.0,183,2,270.03000000000003,1,0.9999596585003426,High Risk
15610.0,52,1,112.46,0,0.00953348842189015,Low Risk
15611.0,10,15,1568.39,0,5.535886019417092e-05,Low Risk
15612.0,36,2,195.15,0,0.0015331965590291048,Low Risk
15615.0,10,27,10360.04,0,2.7012604862943774e-05,Low Risk
15618.0,33,5,747.031,0,0.0009886972008858648,Low Risk
15619.0,11,1,336.4,0,9.287297459338257e-05,Low Risk
15620.0,50,6,1524.4,0,0.006303771235132255,Low Risk
15621.0,4,6,1158.77,0,3.5801539704352774e-05,Low Risk
15622.0,3,16,3224.53,0,2.263049429930707e-05,Low Risk
15623.0,141,1,301.03000000000003,1,0.9954959541492506,High Risk
15624.0,117,4,588.13,1,0.9308734729826036,High Risk
15625.0,100,8,1504.56,1,0.6312917676266975,Medium Risk
15626.0,75,2,675.8,0,0.10932233382895676,Low Risk
15628.0,5,10,2865.64,0,3.3461566562183436e-05,Low Risk
15630.0,45,3,1180.4,0,0.003932995920871038,Low Risk
15632.0,16,10,3147.31,0,0.00011432339340774296,Low Risk
15634.0,17,1,243.55,0,0.0001836747144135186,Low Risk
15636.0,90,2,724.76,0,0.39984864185259245,Medium Risk
15637.0,53,1,223.36,0,0.010605158362816914,Low Risk
15638.0,301,1,-94.0,1,0.9999999999368698,High Risk
15639.0,134,1,425.32,1,0.9900659611074393,High Risk
15640.0,4,17,12433.34,0,1.589642223220252e-05,Low Risk
15641.0,105,4,1887.2,1,0.7654439752147353,High Risk
15643.0,179,6,647.4,1,0.9999287742474228,High Risk
15644.0,166,4,813.0,1,0.9997034267702773,High Risk
15645.0,19,1,612.01,0,0.000226176985554719,Low Risk
15646.0,158,4,425.14,1,0.9992818276392805,High Risk
15648.0,204,4,599.9,1,0.9999959808379233,High Risk
15649.0,336,2,816.0,1,0.9999999999987017,High Risk
15651.0,37,3,646.3,0,0.0016386547514161119,Low Risk
15652.0,91,1,337.74,1,0.43783854984115544,Medium Risk
15653.0,93,2,877.44,1,0.4813515134757869,Medium Risk
15654.0,9,2,922.53,0,7.028962605672587e-05,Low Risk
15655.0,233,2,511.32,1,0.9999998559299684,High Risk
15656.0,45,4,748.5,0,0.003917475877618742,Low Risk
15657.0,23,1,30.0,0,0.00036532792737168377,Low Risk
15658.0,190,8,958.9,1,0.9999780675274632,High Risk
15659.0,44,1,306.45,0,0.0038489590045156976,Low Risk
15660.0,25,12,1552.01,0,0.000324507812709888,Low Risk
15661.0,317,2,309.8,1,0.9999999999891696,High Risk
15663.0,106,1,138.14,1,0.8105461864256991,High Risk
15664.0,51,2,358.63,0,0.008221313111474523,Low Risk
15665.0,168,2,2242.01,1,0.9997587946489959,High Risk
15667.0,40,1,301.32000000000005,0,0.0024540322084273315,Low Risk
15668.0,218,1,76.32000000000001,1,0.9999992510262835,High Risk
15669.0,40,5,677.69,0,0.0021842264466617866,Low Risk
15670.0,297,1,173.05,1,0.9999999998995444,High Risk
15671.0,19,10,2635.49,0,0.00016440027276234804,Low Risk
15673.0,88,4,2881.02,0,0.3133137116674335,Medium Risk
15674.0,73,8,1744.02,0,0.07427541068700112,Low Risk
15675.0,81,3,323.69,0,0.19342560068864992,Low Risk
15676.0,9,5,3324.09,0,5.817660041147299e-05,Low Risk
15677.0,49,1,657.23,0,0.006638108559040496,Low Risk
15678.0,53,1,352.7,0,0.010540295596928165,Low Risk
15679.0,24,4,781.28,0,0.0003663846017281588,Low Risk
15680.0,9,3,1333.68,0,6.723825916502616e-05,Low Risk
15681.0,18,6,946.36,0,0.00017574570216741988,Low Risk
15683.0,117,1,193.75,1,0.936619140713254,High Risk
15687.0,9,11,2981.5,0,5.100209330108069e-05,Low Risk
15689.0,120,2,254.1,1,0.9527695283015095,High Risk
15690.0,4,2,239.76,0,4.1294959165518564e-05,Low Risk
15691.0,252,1,136.8,1,0.9999999838483518,High Risk
15692.0,28,1,191.04,0,0.0006374318504175784,Low Risk
15694.0,1,15,6423.6,0,1.5875232433086307e-05,Low Risk
15695.0,267,2,409.98,1,0.9999999969171345,High Risk
15696.0,33,12,2644.46,0,0.0007597077042258503,Low Risk
15699.0,18,1,309.65,0,0.00020497850308686633,Low Risk
15700.0,172,3,664.03,1,0.9998540804432824,High Risk
15701.0,2,4,1542.14,0,2.9462257326569263e-05,Low Risk
15703.0,265,1,211.5,1,0.9999999962658219,High Risk
15704.0,140,4,2293.62,1,0.9940345578195072,High Risk
15705.0,201,1,143.1,1,0.9999948759938301,High Risk
15706.0,60,7,1001.81,0,0.01925358662622912,Low Risk
15707.0,35,4,945.58,0,0.0012578166429824409,Low Risk
15708.0,41,11,3329.7200000000003,0,0.001857689771432123,Low Risk
15709.0,284,1,133.25,1,0.9999999995647664,High Risk
15712.0,9,5,1072.36,0,6.480762645811291e-05,Low Risk
15713.0,143,3,346.75,1,0.9962137352843761,High Risk
15714.0,12,2,330.88,0,0.00010146795715557483,Low Risk
15716.0,146,4,1118.81,1,0.9971274596158947,High Risk
15717.0,234,1,150.3,1,0.999999876605196,High Risk
15719.0,33,14,5043.96,0,0.0006446252313670178,Low Risk
15720.0,24,1,598.73,0,0.00039799004095417996,Low Risk
15721.0,12,1,507.08,0,0.00010312780179197844,Low Risk
15722.0,36,6,2181.21,0,0.0012632860167371657,Low Risk
15723.0,365,1,203.1,1,0.9999999999999536,High Risk
15724.0,201,3,212.3,1,0.9999945988990144,High Risk
15725.0,15,1,415.25,0,0.00014534579679192325,Low Risk
15727.0,17,7,5178.96,0,0.0001250328928856106,Low Risk
15728.0,49,1,-134.8,0,0.006893229461089378,Low Risk
15729.0,198,2,62.0,1,0.9999926587607075,High Risk
15730.0,66,4,1108.38,0,0.039767381542346325,Low Risk
15732.0,212,2,294.12,1,0.9999984724931854,High Risk
15733.0,283,1,162.3,1,0.9999999995120541,High Risk
15734.0,115,2,1339.45,1,0.9158813314901487,High Risk
15737.0,15,12,1121.21,0,0.00010711366626394429,Low Risk
15738.0,19,19,4788.77,0,0.00011875372279047754,Low Risk
15739.0,66,1,449.12,0,0.044002857906713926,Low Risk
15740.0,49,1,154.88,0,0.006798810442304962,Low Risk
15743.0,16,4,784.46,0,0.00014846037708470276,Low Risk
15744.0,78,1,34.8,0,0.15400980377166132,Low Risk
15745.0,9,6,1071.24,0,6.323158936893509e-05,Low Risk
15746.0,134,2,182.96,1,0.9899367262401964,High Risk
15747.0,13,3,974.04,0,0.00010746429488017646,Low Risk
15748.0,40,1,149.31,0,0.0024719363693715764,Low Risk
15749.0,235,4,21535.9,1,0.9999996691392818,High Risk
15750.0,3,9,2451.23,0,2.791283000743866e-05,Low Risk
15752.0,40,8,2628.93,0,0.0018478702329460626,Low Risk
15753.0,305,1,79.2,1,0.9999999999594804,High Risk
15754.0,51,4,455.67,0,0.007792494909472372,Low Risk
15755.0,1,8,2318.88,0,2.2971468767882364e-05,Low Risk
15756.0,61,4,532.96,0,0.02363315856380221,Low Risk
15757.0,66,2,714.42,0,0.04245641477685373,Low Risk
15758.0,25,1,205.25,0,0.0004540298812183596,Low Risk
15759.0,218,3,253.04,1,0.9999992064434495,High Risk
15762.0,65,2,583.75,0,0.03832559982667306,Low Risk
15763.0,32,3,1048.67,0,0.0009145408671444357,Low Risk
15764.0,81,10,3245.47,0,0.14922485967394133,Low Risk
15766.0,64,1,315.06,0,0.03564222483879208,Low Risk
15768.0,116,4,581.83,1,0.9232649701953715,High Risk
15769.0,7,29,51823.72,0,2.510410524088507e-06,Low Risk
15773.0,6,1,635.6800000000001,0,5.2054008236013156e-05,Low Risk
15774.0,69,1,270.8,0,0.06115922783850024,Low Risk
15775.0,245,1,104.9,1,0.9999999644480516,High Risk
15776.0,133,1,241.62,1,0.9889878412477398,High Risk
15777.0,241,5,1021.61,1,0.9999999355844397,High Risk
15780.0,184,3,475.28,1,0.9999627009076901,High Risk
15781.0,25,4,333.56,0,0.00041906382572047524,Low Risk
15782.0,10,4,2593.94,0,6.913621423128042e-05,Low Risk
15783.0,11,1,246.3,0,9.327495507628004e-05,Low Risk
15785.0,30,8,2303.75,0,0.0006074871918067328,Low Risk
15786.0,44,5,4834.2,0,0.002809732755600189,Low Risk
15787.0,26,3,948.05,0,0.0004669025167031271,Low Risk
15789.0,358,1,351.3,1,0.9999999999998967,High Risk
15790.0,10,1,220.85,0,8.341704588903527e-05,Low Risk
15791.0,44,3,1604.44,0,0.00344400532443036,Low Risk
15793.0,9,4,948.96,0,6.682060912715898e-05,Low Risk
15795.0,150,1,610.01,1,0.9983408885037818,High Risk
15796.0,1,10,2666.61,0,2.1503922100333803e-05,Low Risk
15797.0,113,4,2207.4,1,0.888036744465589,High Risk
15799.0,76,3,884.14,0,0.117179467691957,Low Risk
15800.0,107,2,699.08,1,0.8197901270704663,High Risk
15801.0,46,4,1042.19,0,0.00432274292061103,Low Risk
15802.0,143,3,-451.42,1,0.9963553574736269,High Risk
15803.0,51,1,415.8200000000001,0,0.008402090478876476,Low Risk
15804.0,1,19,3848.55,0,1.627301276349395e-05,Low Risk
15805.0,23,20,5452.17,0,0.00017630794738156765,Low Risk
15806.0,46,3,784.58,0,0.004485057583184261,Low Risk
15807.0,50,3,903.9,0,0.006988242463726975,Low Risk
15808.0,306,5,3724.77,1,0.9999999999524243,High Risk
15809.0,36,6,399.21,0,0.0013757949655791848,Low Risk
15810.0,79,7,1145.43,0,0.14284570066763522,Low Risk
15811.0,17,9,2171.32,0,0.000137469204080428,Low Risk
15812.0,107,5,1801.14,1,0.8002840202208298,High Risk
15813.0,208,2,1303.91,1,0.9999974812564665,High Risk
15814.0,3,6,1842.73,0,3.094706637655487e-05,Low Risk
15815.0,64,5,2100.6,0,0.02982216907966821,Low Risk
15819.0,49,4,1905.45,0,0.005811254518957071,Low Risk
15820.0,320,1,206.98,1,0.9999999999925069,High Risk
15821.0,44,2,570.96,0,0.0037083567191060285,Low Risk
15822.0,3,2,885.47,0,3.5761150034123565e-05,Low Risk
15823.0,337,2,-840.76,1,0.9999999999989289,High Risk
15825.0,172,1,532.94,1,0.9998619756796222,High Risk
15826.0,51,4,1649.36,0,0.007362280496448528,Low Risk
15827.0,73,20,1641.48,0,0.05657361136820081,Low Risk
15829.0,99,2,636.14,1,0.648969476840833,Medium Risk
15830.0,29,2,547.7,0,0.0006844096262289075,Low Risk
15831.0,58,4,747.76,0,0.01678616389491173,Low Risk
15832.0,254,1,836.79,1,0.9999999866739406,High Risk
15834.0,70,6,2084.9,0,0.055799377112117576,Low Risk
15835.0,44,4,954.09,0,0.00346639634562866,Low Risk
15836.0,45,2,117.47,0,0.00424067875823774,Low Risk
15837.0,65,1,391.98,0,0.039593565031426255,Low Risk
15838.0,11,21,33350.76,0,1.1647978397457574e-05,Low Risk
15839.0,25,5,1020.74,0,0.00039561009558554633,Low Risk
15840.0,59,3,345.66,0,0.019581547978526896,Low Risk
15841.0,64,6,1209.1,0,0.030349258295138733,Low Risk
15843.0,304,1,118.95,1,0.9999999999545497,High Risk
15844.0,46,1,130.73999999999998,0,0.004860145203984344,Low Risk
15845.0,18,10,3650.87,0,0.00013987134482195126,Low Risk
15847.0,38,2,389.27,0,0.0019031985618985984,Low Risk
15850.0,19,2,238.85,0,0.00022464780865749233,Low Risk
15852.0,187,2,160.71,1,0.9999744550602334,High Risk
15853.0,52,1,110.8,0,0.009534239888588201,Low Risk
15854.0,4,12,2974.65,0,2.8301047467185997e-05,Low Risk
15855.0,137,5,712.24,1,0.9920621089996037,High Risk
15856.0,4,31,16173.67,0,9.405997369684494e-06,Low Risk
15857.0,19,1,297.0,0,0.0002296177063709428,Low Risk
15858.0,16,5,1438.85,0,0.00014036982499446724,Low Risk
15860.0,41,8,977.21,0,0.002238383309178938,Low Risk
15861.0,12,9,3000.36,0,7.511904766820997e-05,Low Risk
15862.0,8,4,832.88,0,6.0018586373583404e-05,Low Risk
15863.0,26,2,68.84,0,0.0004991524802463833,Low Risk
15864.0,22,8,1769.78,0,0.00025261164549821876,Low Risk
15865.0,41,3,895.13,0,0.002541508067669227,Low Risk
15866.0,101,1,230.53,1,0.7077516981146922,High Risk
15867.0,5,16,3797.79,0,2.7595958362453275e-05,Low Risk
15869.0,277,2,149.64,1,0.999999999015784,High Risk
15870.0,33,1,354.09000000000003,0,0.0011118720277601521,Low Risk
15872.0,15,2,360.93,0,0.00014217353707316637,Low Risk
15874.0,63,9,4330.67,0,0.021864952194988768,Low Risk
15877.0,2,3,440.78,0,3.1835461228515635e-05,Low Risk
15880.0,369,2,313.28,1,0.9999999999999696,High Risk
15881.0,312,8,438.24,1,0.9999999999777751,High Risk
15882.0,199,5,495.36,1,0.9999927906585472,High Risk
15883.0,2,2,396.48,0,3.2700102205076124e-05,Low Risk
15885.0,93,3,379.35,1,0.481152696502367,Medium Risk
15886.0,60,1,181.09,0,0.023129970635405252,Low Risk
15888.0,80,2,141.27,0,0.18132259006434664,Low Risk
15889.0,157,2,446.87,1,0.9992339226357018,High Risk
15891.0,227,1,524.52,1,0.9999997230516827,High Risk
15894.0,253,2,263.55,1,0.999999985122588,High Risk
15895.0,150,1,179.17,1,0.998374749594897,High Risk
15897.0,194,2,222.05,1,0.9999883780957322,High Risk
15898.0,1,6,1384.68,0,2.5238858820740467e-05,Low Risk
15899.0,369,1,56.25,1,0.9999999999999707,High Risk
15900.0,24,1,351.11,0,0.00040274072661319757,Low Risk
15901.0,17,3,363.88,0,0.0001738266493313666,Low Risk
15903.0,10,8,5126.34,0,5.547831779094111e-05,Low Risk
15904.0,8,1,164.68,0,6.673331879027606e-05,Low Risk
15906.0,20,8,1521.79,0,0.0002039617992189977,Low Risk
15907.0,4,3,967.45,0,3.8907351515571925e-05,Low Risk
15909.0,174,1,191.94,1,0.9998916621611563,High Risk
15910.0,1,8,1232.18,0,2.419987652770515e-05,Low Risk
15912.0,178,2,264.62,1,0.9999290670432371,High Risk
15916.0,16,10,1491.24,0,0.00012376849659703906,Low Risk
15917.0,248,1,123.1,1,0.9999999746423405,High Risk
15918.0,191,2,334.23,1,0.9999836037716663,High Risk
15919.0,20,2,639.89,0,0.00024671036945038806,Low Risk
15920.0,154,4,167.5,1,0.9988860385183257,High Risk
15921.0,173,1,336.03000000000003,1,0.999877871085304,High Risk
15922.0,372,2,363.6,1,0.9999999999999782,High Risk
15923.0,373,1,127.08,1,0.9999999999999811,High Risk
15925.0,194,1,207.15,1,0.999988669444975,High Risk
15930.0,67,1,426.63,0,0.049055970671085455,Low Risk
15932.0,4,11,2461.85,0,2.9729959883114148e-05,Low Risk
15933.0,21,3,1107.46,0,0.00026349583118840113,Low Risk
15935.0,239,2,416.86,1,0.9999999271649027,High Risk
15937.0,64,1,145.35000000000002,0,0.03592292645915214,Low Risk
15938.0,112,5,404.58,1,0.8828463807305559,High Risk
15939.0,90,16,6102.26,0,0.2671102293476545,Low Risk
15940.0,311,2,31.8,1,0.999999999978956,High Risk
15942.0,134,1,337.44,1,0.9901073112231719,High Risk
15944.0,277,1,325.1,1,0.9999999990316608,High Risk
15945.0,365,1,181.0,1,0.9999999999999536,High Risk
15947.0,83,1,1708.24,0,0.22809999496787484,Low Risk
15948.0,8,2,955.24,0,6.268579371114743e-05,Low Risk
15949.0,17,2,364.72,0,0.00017816115020339012,Low Risk
15950.0,2,5,1705.26,0,2.8520312173061972e-05,Low Risk
15951.0,1,3,669.57,0,2.8125807309942623e-05,Low Risk
15952.0,34,4,806.57,0,0.0011311551772310586,Low Risk
15953.0,15,10,1634.53,0,0.00010979650606785956,Low Risk
15955.0,24,16,4389.81,0,0.00022923215407221476,Low Risk
15957.0,32,1,428.89,0,0.0009897059998173272,Low Risk
15958.0,74,1,104.35,0,0.10353577170506573,Low Risk
15963.0,20,2,470.76,0,0.0002487183287317896,Low Risk
15965.0,17,4,845.64,0,0.00016571953045097567,Low Risk
15967.0,23,2,418.83,0,0.0003498470370533234,Low Risk
15969.0,3,4,582.9,0,3.4536587733978343e-05,Low Risk
15970.0,304,1,314.1,1,0.9999999999541225,High Risk
15971.0,18,12,4199.85,0,0.00012967953994101226,Low Risk
15973.0,236,3,99.77000000000002,1,0.9999998968217596,High Risk
15974.0,39,8,3429.55,0,0.0015888064863999868,Low Risk
15975.0,84,1,371.01,0,0.2607573461157951,Low Risk
15976.0,165,2,430.94,1,0.9996896984796834,High Risk
15977.0,17,2,1054.73,0,0.00017236521608011204,Low Risk
15978.0,77,1,1098.78,0,0.13383972005940167,Low Risk
15980.0,89,3,2398.86,0,0.34888255839094623,Medium Risk
15981.0,25,8,3408.48,0,0.0003276698318833515,Low Risk
15983.0,22,4,1475.02,0,0.0002827751243930384,Low Risk
15984.0,3,11,2816.97,0,2.6107059925364732e-05,Low Risk
15985.0,123,3,1037.42,1,0.9637675121271783,High Risk
15986.0,30,1,168.12,0,0.0007997038829555979,Low Risk
15987.0,12,7,1451.28,0,8.500205365919194e-05,Low Risk
15988.0,19,1,158.03,0,0.00023115220520319015,Low Risk
15990.0,44,2,792.11,0,0.003669392600200272,Low Risk
15992.0,4,1,41.99,0,4.272971320589115e-05,Low Risk
15993.0,9,10,2756.82,0,5.284221626316358e-05,Low Risk
15994.0,55,1,427.07,0,0.01312971078229385,Low Risk
15996.0,88,7,1044.78,0,0.3163346450574043,Medium Risk
15998.0,37,6,3084.17,0,0.0013542755200428738,Low Risk
16000.0,3,3,12393.7,0,2.0095682543599124e-05,Low Risk
16003.0,30,5,2735.37,0,0.0006407438934475546,Low Risk
16005.0,12,4,615.39,0,9.52743761220829e-05,Low Risk
16006.0,211,1,101.4,1,0.9999983469002078,High Risk
16007.0,48,4,1701.94,0,0.005244571714491036,Low Risk
16008.0,24,3,478.78,0,0.00038101745996143324,Low Risk
16009.0,22,4,992.71,0,0.00028938761873842237,Low Risk
16010.0,246,3,407.5,1,0.999999966150587,High Risk
16011.0,8,16,3362.71,0,3.95395531862559e-05,Low Risk
16012.0,35,3,1415.29,0,0.0012605291437242881,Low Risk
16013.0,4,54,33366.25,0,2.3387979273952376e-06,Low Risk
16014.0,36,4,653.13,0,0.0014278301652819712,Low Risk
16015.0,4,4,690.54,0,3.846635731535238e-05,Low Risk
16016.0,3,10,1483.31,0,2.8525910991198847e-05,Low Risk
16017.0,47,1,211.88,0,0.005417029630543107,Low Risk
16018.0,39,2,408.9,0,0.002128246179076393,Low Risk
16019.0,2,10,3450.24,0,2.3187092031423206e-05,Low Risk
16020.0,17,3,851.01,0,0.00016981503269304174,Low Risk
16022.0,260,1,628.28,1,0.9999999932996997,High Risk
16023.0,46,3,719.81,0,0.00449894275094217,Low Risk
16024.0,12,1,251.24,0,0.00010440030217119687,Low Risk
16025.0,30,1,439.66,0,0.0007893693826755861,Low Risk
16026.0,43,1,236.09,0,0.0034509389092252933,Low Risk
16027.0,92,7,852.12,1,0.4231839734893009,Medium Risk
16029.0,39,76,50992.61,0,3.0395109270447613e-05,Low Risk
16030.0,310,1,331.24,1,0.999999999976682,High Risk
16031.0,92,2,548.94,1,0.4571530129322065,Medium Risk
16033.0,6,27,8727.61,0,1.8594285502036074e-05,Low Risk
16034.0,196,3,437.7000000000001,1,0.9999903972591015,High Risk
16036.0,87,2,758.9200000000001,0,0.3215800352038416,Medium Risk
16037.0,270,3,855.02,1,0.9999999976996012,High Risk
16038.0,8,4,454.33,0,6.111764830077657e-05,Low Risk
16040.0,65,3,1313.55,0,0.03618625841180743,Low Risk
16041.0,31,3,3166.4,0,0.0007381499567642302,Low Risk
16042.0,22,7,1147.37,0,0.0002667606199216556,Low Risk
16043.0,38,4,773.99,0,0.001778674305530925,Low Risk
16045.0,120,4,1340.7,1,0.9479892955984921,High Risk
16048.0,86,3,243.69000000000003,0,0.29745977731186546,Low Risk
16049.0,40,3,1111.79,0,0.0022473170627645487,Low Risk
16050.0,174,1,137.9,1,0.9998919424328299,High Risk
16052.0,54,1,362.06,0,0.011780336205175273,Low Risk
16053.0,33,2,1511.95,0,0.0010262886669785698,Low Risk
16054.0,145,1,783.9,1,0.9970612620215891,High Risk
16055.0,221,1,134.8,1,0.9999994647569379,High Risk
16056.0,45,1,664.85,0,0.004234068838065998,Low Risk
16057.0,4,10,2140.2200000000003,0,3.094611252278143e-05,Low Risk
16059.0,66,6,1459.86,0,0.037315124279469154,Low Risk
16061.0,269,1,-29.95,1,0.9999999976504184,High Risk
16062.0,10,4,1153.62,0,7.407824401890672e-05,Low Risk
16063.0,260,1,335.32,1,0.9999999933931432,High Risk
16065.0,365,1,372.09,1,0.9999999999999531,High Risk
16066.0,17,5,1521.87,0,0.00015652462345985035,Low Risk
16070.0,22,2,852.15,0,0.0003060773363715266,Low Risk
16071.0,45,1,326.24,0,0.0043030622459556515,Low Risk
16072.0,288,1,584.3199999999999,1,0.9999999997169025,High Risk
16073.0,292,2,94.35,1,0.9999999998195845,High Risk
16076.0,3,11,2173.53,0,2.6924889411823452e-05,Low Risk
16078.0,284,1,79.2,1,0.9999999995658926,High Risk
16079.0,17,3,1352.0,0,0.0001657858086473804,Low Risk
16080.0,82,3,176.6,0,0.21283462511470483,Low Risk
16081.0,56,5,2806.9,0,0.011896796211701413,Low Risk
16083.0,101,2,1317.62,1,0.6916192755097127,Medium Risk
16084.0,299,1,436.18,1,0.999999999918836,High Risk
16085.0,23,5,981.51,0,0.00031624948555245024,Low Risk
16086.0,59,6,1119.31,0,0.017558480233782026,Low Risk
16091.0,155,2,315.06,1,0.9990460283379909,High Risk
16092.0,99,5,779.36,1,0.6303277148777451,Medium Risk
16093.0,107,1,17.0,1,0.828111147861241,High Risk
16094.0,12,6,1041.83,0,8.885225407327436e-05,Low Risk
16096.0,264,1,320.62,1,0.9999999957974655,High Risk
16097.0,240,1,185.05,1,0.999999937229722,High Risk
16098.0,88,7,2005.63,0,0.30645812098079017,Medium Risk
16099.0,50,3,731.9,0,0.007045695167464449,Low Risk
16101.0,9,3,1245.96,0,6.752158899239406e-05,Low Risk
16102.0,42,3,1842.14,0,0.0027185804012104147,Low Risk
16103.0,7,6,1429.64,0,4.9589464021158285e-05,Low Risk
16104.0,62,1,302.36,0,0.028659829487987173,Low Risk
16105.0,249,1,336.96,1,0.999999977116771,High Risk
16106.0,66,1,108.38,0,0.044695152515090514,Low Risk
16107.0,18,7,3204.1600000000003,0,0.00015387609596733288,Low Risk
16108.0,85,2,816.1,0,0.2738613546696473,Low Risk
16109.0,219,2,611.88,1,0.9999992964604747,High Risk
16110.0,45,3,1337.48,0,0.003903605577981263,Low Risk
16112.0,143,4,195.74,1,0.996147398665745,High Risk
16113.0,183,1,161.38,1,0.9999608461512799,High Risk
16114.0,171,1,135.75000000000003,1,0.9998483911078774,High Risk
16115.0,10,8,1667.97,0,6.548195643773113e-05,Low Risk
16116.0,206,2,592.88,1,0.999996948812015,High Risk
16117.0,190,1,232.21,1,0.9999821783599655,High Risk
16119.0,8,2,423.36,0,6.430460608109041e-05,Low Risk
16120.0,59,5,1294.14,0,0.017841762994084055,Low Risk
16121.0,57,2,867.11,0,0.015679876773365475,Low Risk
16122.0,73,4,684.42,0,0.08523134114024516,Low Risk
16123.0,52,1,307.78000000000003,0,0.009445477144224564,Low Risk
16124.0,316,2,187.15,1,0.9999999999879456,High Risk
16125.0,367,1,289.35,1,0.9999999999999627,High Risk
16126.0,29,4,6287.77,0,0.00049483352362514,Low Risk
16127.0,39,1,656.25,0,0.0021556396993509894,Low Risk
16128.0,18,5,1880.22,0,0.00017225008187065504,Low Risk
16131.0,52,6,3506.54,0,0.0071785855596573364,Low Risk
16133.0,4,46,14305.66,0,7.104887628029117e-06,Low Risk
16134.0,22,3,603.69,0,0.00030219671280353497,Low Risk
16135.0,263,1,517.55,1,0.9999999952504144,High Risk
16136.0,60,3,709.38,0,0.021501439341413575,Low Risk
16138.0,368,1,-7.95,1,0.9999999999999671,High Risk
16139.0,19,3,635.4100000000001,0,0.00021504731330213099,Low Risk
16140.0,53,4,703.77,0,0.009633702896359604,Low Risk
16141.0,88,1,620.4,0,0.3538231408133838,Medium Risk
16142.0,250,1,535.34,1,0.9999999793650625,High Risk
16143.0,3,7,2419.84,0,2.9368976646529915e-05,Low Risk
16144.0,247,1,175.2,1,0.999999971539779,High Risk
16145.0,9,18,3741.98,0,4.137585371269667e-05,Low Risk
16146.0,157,3,734.13,1,0.9992039207248155,High Risk
16147.0,134,1,375.0,1,0.9900896590341158,High Risk
16148.0,296,1,76.32000000000001,1,0.9999999998880551,High Risk
16149.0,5,2,280.52,0,4.614139375550355e-05,Low Risk
16150.0,39,10,1906.07,0,0.001626825734483646,Low Risk
16152.0,269,1,1829.04,1,0.9999999974314122,High Risk
16153.0,50,5,1824.23,0,0.00636862543188389,Low Risk
16156.0,9,13,3024.62,0,4.844615553315023e-05,Low Risk
16157.0,16,4,644.24,0,0.00014946155016521206,Low Risk
16159.0,282,1,348.2,1,0.9999999994488289,High Risk
16160.0,64,4,1009.45,0,0.032131988731655466,Low Risk
16161.0,2,26,5352.97,0,1.4261962889970128e-05,Low Risk
16162.0,252,1,37.4,1,0.9999999839251343,High Risk
16163.0,225,3,441.6,1,0.9999996367604478,High Risk
16164.0,17,4,802.53,0,0.0001660623152070458,Low Risk
16168.0,11,28,3770.6,0,4.046504927340988e-05,Low Risk
16169.0,8,4,1822.97,0,5.7236551002883794e-05,Low Risk
16170.0,51,7,1880.42,0,0.00676572884883825,Low Risk
16171.0,59,1,73.19999999999999,0,0.020816337368419112,Low Risk
16172.0,95,5,1140.21,1,0.5161465086266387,Medium Risk
16173.0,16,7,1406.57,0,0.00013381864482850807,Low Risk
16174.0,126,3,1009.55,1,0.9739417387165971,High Risk
16175.0,94,4,1037.59,1,0.495318565629394,Medium Risk
16177.0,50,1,331.95,0,0.00754164032635363,Low Risk
16178.0,138,1,197.9,1,0.9937221017764739,High Risk
16179.0,61,1,215.83,0,0.025781939237167272,Low Risk
16180.0,100,10,10217.48,1,0.5176728369745713,Medium Risk
16181.0,73,1,305.54,0,0.09269912935616549,Low Risk
16182.0,72,4,6617.65,0,0.05893003184439146,Low Risk
16183.0,67,1,338.71000000000004,0,0.0492529647418138,Low Risk
16184.0,64,7,1155.54,0,0.02970540315901789,Low Risk
16185.0,17,2,529.41,0,0.0001767603272699374,Low Risk
16186.0,23,13,3991.94,0,0.00022473191462538963,Low Risk
16187.0,32,17,6841.24,0,0.0004906396953915849,Low Risk
16188.0,45,4,981.86,0,0.003874063551052182,Low Risk
16189.0,16,2,215.48,0,0.000160281551497459,Low Risk
16190.0,40,1,215.08,0,0.0024641738586845497,Low Risk
16191.0,3,25,4913.32,0,1.671444994550498e-05,Low Risk
16193.0,237,1,314.45,1,0.9999999113698884,High Risk
16198.0,75,1,400.681,0,0.11306405144206041,Low Risk
16200.0,4,2,1080.62,0,3.966351322599955e-05,Low Risk
16201.0,3,5,1821.52,0,3.175241381384841e-05,Low Risk
16202.0,361,1,365.27,1,0.9999999999999263,High Risk
16203.0,59,5,589.15,0,0.018443751963095625,Low Risk
16204.0,23,1,405.71,0,0.000358809128368773,Low Risk
16205.0,31,4,761.38,0,0.0008081096656703115,Low Risk
16206.0,55,4,537.0600000000001,0,0.012140932387626615,Low Risk
16207.0,25,1,394.38,0,0.0004499337380208076,Low Risk
16208.0,45,2,664.26,0,0.004131416185019081,Low Risk
16209.0,89,5,2262.62,0,0.33921990872657926,Medium Risk
16210.0,2,18,21086.3,0,8.17230768339463e-06,Low Risk
16211.0,81,2,542.77,0,0.19564621149987343,Low Risk
16212.0,19,3,681.19,0,0.00021457597450237303,Low Risk
16213.0,79,1,159.0,0,0.16846901586199198,Low Risk
16214.0,171,3,1062.75,1,0.9998334862000183,High Risk
16215.0,81,1,242.35,0,0.20186884985827766,Low Risk
16216.0,267,1,914.93,1,0.9999999969185753,High Risk
16217.0,235,4,259.39000000000004,1,0.999999880691391,High Risk
16218.0,30,8,3054.87,0,0.0005860143611889431,Low Risk
16221.0,37,3,864.86,0,0.0016216028358467137,Low Risk
16222.0,318,1,846.72,1,0.9999999999903157,High Risk
16224.0,57,4,1295.3,0,0.014637118606221997,Low Risk
16225.0,45,5,1096.32,0,0.003759392522446047,Low Risk
16226.0,203,3,255.12,1,0.9999956819715962,High Risk
16227.0,219,2,308.32000000000005,1,0.9999993066245905,High Risk
16229.0,87,2,1010.6,0,0.3189534572038562,Medium Risk
16230.0,190,2,542.03,1,0.9999814598271641,High Risk
16232.0,33,5,983.23,0,0.000977575962153696,Low Risk
16233.0,71,5,422.13,0,0.06841723626081309,Low Risk
16235.0,41,6,858.41,0,0.002364748128541455,Low Risk
16236.0,78,1,432.2,0,0.15154394437262203,Low Risk
16239.0,57,3,372.9,0,0.01566472171925485,Low Risk
16240.0,8,5,3693.81,0,5.105162066989037e-05,Low Risk
16241.0,10,13,2607.87,0,5.533212962845383e-05,Low Risk
16242.0,8,8,3598.26,0,4.7626897894849585e-05,Low Risk
16243.0,34,2,409.1,0,0.0012111410155388966,Low Risk
16244.0,212,2,1522.75,1,0.9999983798210133,High Risk
16245.0,24,5,1352.36,0,0.00034780792178505887,Low Risk
16247.0,170,1,114.56,1,0.9998304412937118,High Risk
16248.0,62,1,152.94,0,0.028859914083761044,Low Risk
16249.0,53,5,1800.07,0,0.008924081123922097,Low Risk
16250.0,261,2,389.44,1,0.999999993935524,High Risk
16252.0,366,1,-295.09000000000003,1,0.9999999999999594,High Risk
16253.0,32,3,3665.62,0,0.0008067992220018389,Low Risk
16255.0,17,10,2609.3,0,0.00013133285637717998,Low Risk
16256.0,258,2,732.63,1,0.9999999913488943,High Risk
16257.0,177,1,46.95,1,0.9999233270656037,High Risk
16258.0,45,5,5203.51,0,0.003089573533219069,Low Risk
16260.0,51,1,1035.45,0,0.008158185350088464,Low Risk
16261.0,17,4,746.83,0,0.0001665062579762348,Low Risk
16262.0,361,1,-31.65,1,0.9999999999999278,High Risk
16265.0,9,11,5423.15,0,4.536863236113251e-05,Low Risk
16266.0,74,7,861.89,0,0.0876314104536654,Low Risk
16268.0,71,2,667.65,0,0.07249324459861999,Low Risk
16270.0,353,1,1141.24,1,0.9999999999998113,High Risk
16271.0,3,6,1423.29,0,3.1575619995423e-05,Low Risk
16272.0,117,1,411.7,1,0.9359960476894951,High Risk
16274.0,373,1,357.95,1,0.9999999999999809,High Risk
16275.0,197,1,559.87,1,0.9999917877352036,High Risk
16276.0,177,1,810.6,1,0.9999204683645191,High Risk
16278.0,23,3,537.83,0,0.0003393822816980963,Low Risk
16279.0,21,4,1496.68,0,0.0002523243035799968,Low Risk
16281.0,72,1,2062.06,0,0.07739703444771741,Low Risk
16282.0,340,1,168.3,1,0.9999999999992184,High Risk
16283.0,6,7,1531.51,0,4.3004207393774995e-05,Low Risk
16284.0,31,2,823.97,0,0.000846413496064432,Low Risk
16287.0,170,1,142.5,1,0.9998302140684051,High Risk
16292.0,117,2,280.9,1,0.9348846200937997,High Risk
16293.0,9,12,2236.74,0,5.1567671164178985e-05,Low Risk
16295.0,10,4,1328.55,0,7.345966327490245e-05,Low Risk
16297.0,213,4,275.4,1,0.9999985678744199,High Risk
16298.0,23,3,598.2,0,0.0003384018256833825,Low Risk
16302.0,108,2,212.82,1,0.8390485966223362,High Risk
16303.0,26,4,5305.83,0,0.0003696784690411511,Low Risk
16305.0,139,1,361.22,1,0.9943448742357843,High Risk
16306.0,214,9,602.27,1,0.9999985299836016,High Risk
16308.0,38,4,2560.0,0,0.001632959379449859,Low Risk
16309.0,92,3,686.6700000000001,1,0.44940214040001886,Medium Risk
16311.0,18,2,616.26,0,0.00019706620935671756,Low Risk
16313.0,3,2,274.15000000000003,0,3.6824647555331167e-05,Low Risk
16315.0,331,1,226.37,1,0.9999999999978344,High Risk
16316.0,64,12,2755.56,0,0.02445056275339963,Low Risk
16317.0,120,3,1341.65,1,0.9491903309472349,High Risk
16318.0,35,1,328.15000000000003,0,0.001394956142296999,Low Risk
16319.0,218,1,404.4,1,0.9999992391533283,High Risk
16320.0,172,2,1038.46,1,0.9998550582574321,High Risk
16321.0,72,7,230.7,0,0.07320264258196059,Low Risk
16322.0,1,2,326.75,0,2.9306095614513852e-05,Low Risk
16323.0,196,1,207.50000000000003,1,0.999990959953022,High Risk
16324.0,128,3,428.68,1,0.979662088210104,High Risk
16325.0,44,5,510.54,0,0.0034546333698953486,Low Risk
16326.0,6,15,3085.96,0,3.2766030523650404e-05,Low Risk
16327.0,14,6,3844.22,0,9.736620010697793e-05,Low Risk
16330.0,18,4,242.21,0,0.00019097232253844794,Low Risk
16332.0,28,8,1583.2,0,0.0005017599860124981,Low Risk
16333.0,8,22,26626.8,0,1.1178752430721506e-05,Low Risk
16337.0,37,1,151.05,0,0.0017626925427048719,Low Risk
16338.0,157,1,214.8,1,0.9992608430753566,High Risk
16339.0,284,1,109.95,1,0.9999999995652522,High Risk
16340.0,107,1,549.07,1,0.8244499397657102,High Risk
16341.0,25,6,1959.38,0,0.0003689950792709456,Low Risk
16342.0,75,4,322.41,0,0.1062064801202352,Low Risk
16343.0,16,2,370.48,0,0.00015909516373563095,Low Risk
16344.0,158,1,101.1,1,0.9993433092718853,High Risk
16345.0,44,1,575.41,0,0.003799837257220706,Low Risk
16347.0,11,2,887.65,0,8.824668665045642e-05,Low Risk
16348.0,32,7,1469.45,0,0.0008121251880930233,Low Risk
16349.0,291,1,53.5,1,0.999999999803324,High Risk
16350.0,21,5,1100.47,0,0.00025089540759497443,Low Risk
16351.0,333,1,153.9,1,0.9999999999982783,High Risk
16352.0,18,2,494.44,0,0.00019822021113325163,Low Risk
16353.0,4,23,6675.71,0,1.8066551172286342e-05,Low Risk
16354.0,63,2,395.8,0,0.031086388662039388,Low Risk
16356.0,198,4,210.32,1,0.9999922323574032,High Risk
16357.0,33,3,658.88,0,0.00104305450723455,Low Risk
16358.0,1,5,2024.95,0,2.5087390047802747e-05,Low Risk
16359.0,7,12,1460.37,0,4.270281342287943e-05,Low Risk
16360.0,5,8,3411.69,0,3.424595616037074e-05,Low Risk
16361.0,10,4,896.66,0,7.49963532841116e-05,Low Risk
16362.0,32,9,652.07,0,0.0008039188768830299,Low Risk
16363.0,53,1,109.36,0,0.010662655569136145,Low Risk
16364.0,12,2,707.04,0,9.965477516697619e-05,Low Risk
16365.0,18,9,1540.42,0,0.00015862654101358445,Low Risk
16366.0,19,1,327.3,0,0.00022928449018235026,Low Risk
16367.0,37,2,804.49,0,0.0016668546247609408,Low Risk
16368.0,2,2,497.43,0,3.25422379142653e-05,Low Risk
16369.0,18,3,1553.66,0,0.00018381687574267597,Low Risk
16370.0,82,4,1320.56,0,0.1998170378336102,Low Risk
16372.0,33,2,367.93,0,0.0010840834618855144,Low Risk
16374.0,66,2,473.03,0,0.042929364437113225,Low Risk
16376.0,9,3,977.52,0,6.83960705905929e-05,Low Risk
16377.0,267,1,676.2,1,0.99999999695364,High Risk
16378.0,247,3,362.95,1,0.9999999698297275,High Risk
16379.0,4,5,2131.9,0,3.502334747316821e-05,Low Risk
16380.0,61,1,1780.59,0,0.023963347146635457,Low Risk
16383.0,75,2,668.36,0,0.10935706792239475,Low Risk
16384.0,90,2,584.5,0,0.4014632763811104,Medium Risk
16385.0,60,3,555.89,0,0.02165679629996679,Low Risk
16386.0,29,2,317.2,0,0.0006920090586186632,Low Risk
16387.0,323,1,94.36,1,0.9999999999946889,High Risk
16389.0,53,5,1362.27,0,0.009111633465415554,Low Risk
16392.0,270,1,221.19,1,0.9999999978759007,High Risk
16393.0,2,20,2941.05,0,1.856476015110838e-05,Low Risk
16394.0,50,9,1412.06,0,0.005888069503129523,Low Risk
16395.0,61,5,1486.9,0,0.022061915088729414,Low Risk
16398.0,145,4,1631.15,1,0.9967054694895633,High Risk
16399.0,19,2,408.57,0,0.00022282783160282972,Low Risk
16400.0,95,1,303.93,1,0.5506747916425327,Medium Risk
16401.0,1,20,4061.24,0,1.571534846139602e-05,Low Risk
16402.0,265,2,299.6,1,0.9999999961563373,High Risk
16403.0,302,2,161.05,1,0.9999999999414917,High Risk
16404.0,70,1,443.05,0,0.0674526644178558,Low Risk
16405.0,302,2,167.25,1,0.9999999999414741,High Risk
16406.0,19,1,163.07,0,0.00023109637505285254,Low Risk
16407.0,13,10,2126.93,0,8.555759746952658e-05,Low Risk
16409.0,36,5,2028.88,0,0.0013042816027995885,Low Risk
16411.0,19,2,214.65,0,0.0002249085229678104,Low Risk
16412.0,54,1,151.83,0,0.011898242616989777,Low Risk
16413.0,57,1,262.2,0,0.016530175706779244,Low Risk
16414.0,22,2,126.25,0,0.00031691265903677196,Low Risk
16415.0,44,1,210.35,0,0.0038666632729267357,Low Risk
16416.0,27,4,1026.99,0,0.0005080344857405999,Low Risk
16418.0,45,3,675.27,0,0.0040290101017443885,Low Risk
16419.0,113,7,959.48,1,0.8866171713298148,High Risk
16422.0,17,75,33805.69,0,5.920831554196629e-06,Low Risk
16423.0,25,1,346.12,0,0.0004509754208773609,Low Risk
16424.0,191,2,82.56,1,0.9999838003991409,High Risk
16425.0,302,1,302.7,1,0.9999999999425286,High Risk
16426.0,2,10,1908.25,0,2.4966030518792054e-05,Low Risk
16427.0,263,2,241.06,1,0.9999999951958642,High Risk
16428.0,81,1,-2.95,0,0.20377016636561132,Low Risk
16429.0,106,1,284.55,1,0.8094660197297342,High Risk
16430.0,57,1,300.85,0,0.016500080864214742,Low Risk
16431.0,213,3,642.81,1,0.9999985779511905,High Risk
16432.0,64,1,287.40000000000003,0,0.035687830174758184,Low Risk
16433.0,28,1,184.26,0,0.0006376389361049657,Low Risk
16434.0,29,7,1522.25,0,0.0005774209363208817,Low Risk
16438.0,6,5,798.35,0,4.679566412662584e-05,Low Risk
16440.0,8,5,3640.67,0,5.118183393109972e-05,Low Risk
16441.0,67,2,381.2,0,0.04801709606269825,Low Risk
16442.0,2,3,616.79,0,3.156797780205801e-05,Low Risk
16444.0,46,5,638.77,0,0.004299842183657726,Low Risk
16445.0,34,1,230.51,0,0.0012520197280523064,Low Risk
16446.0,1,3,2.8999999999941792,0,2.9039194302047312e-05,Low Risk
16447.0,136,1,259.01,1,0.9921209290425215,High Risk
16448.0,198,1,188.89,1,0.9999927939835683,High Risk
16449.0,191,3,674.69,1,0.9999829176347891,High Risk
16450.0,150,1,311.92,1,0.998364390552632,High Risk
16451.0,88,1,266.97,0,0.3577064381576201,Medium Risk
16454.0,45,3,-8.15,0,0.004162639276752706,Low Risk
16455.0,64,7,1841.18,0,0.02877251901282879,Low Risk
16456.0,99,5,2158.37,1,0.6147951817533538,Medium Risk
16457.0,218,1,208.36,1,0.999999246270303,High Risk
16458.0,3,18,3482.74,0,2.127583907355445e-05,Low Risk
16460.0,28,3,814.72,0,0.00058889503658448,Low Risk
16461.0,178,1,151.42,1,0.9999311702565914,High Risk
16462.0,64,4,102.0,0,0.03351278692588946,Low Risk
16463.0,21,7,1383.7,0,0.0002355974109334935,Low Risk
16464.0,20,3,1314.68,0,0.0002330388362141814,Low Risk
16466.0,34,7,1603.46,0,0.0010111955697549124,Low Risk
16468.0,74,1,74.9,0,0.10366688442728036,Low Risk
16469.0,24,4,650.43,0,0.00036868926086246705,Low Risk
16470.0,52,5,757.44,0,0.008384226683881831,Low Risk
16471.0,275,1,223.95,1,0.9999999987921573,High Risk
16473.0,165,4,314.86,1,0.9996758148285828,High Risk
16474.0,7,11,1811.47,0,4.303903426384181e-05,Low Risk
16475.0,88,4,544.3,0,0.33790337768709255,Medium Risk
16477.0,64,7,2494.46,0,0.02791014854872906,Low Risk
16478.0,25,3,331.0,0,0.0004295808601387925,Low Risk
16479.0,10,2,300.83,0,8.107269926296113e-05,Low Risk
16480.0,76,1,769.29,0,0.12297436352528628,Low Risk
16482.0,16,1,220.62,0,0.00016424449522956994,Low Risk
16483.0,192,1,139.35,1,0.9999858444368752,High Risk
16484.0,174,3,379.4,1,0.9998851549530849,High Risk
16485.0,77,1,363.65,0,0.13797815010677045,Low Risk
16488.0,33,4,492.2000000000001,0,0.0010258142542666179,Low Risk
16491.0,47,1,731.5,0,0.0052844609118834355,Low Risk
16493.0,73,6,1329.66,0,0.07917688711779108,Low Risk
16494.0,297,1,826.53,1,0.9999999998963476,High Risk
16495.0,3,3,684.41,0,3.522749199742919e-05,Low Risk
16496.0,9,4,1562.22,0,6.488484872272303e-05,Low Risk
16497.0,50,6,2965.69,0,0.005885397893327337,Low Risk
16498.0,161,3,86.12,1,0.9995086174723111,High Risk
16499.0,360,5,319.1,1,0.9999999999999092,High Risk
16500.0,5,6,400.86,0,4.156455692237987e-05,Low Risk
16503.0,107,5,1421.43,1,0.8031775149638033,High Risk
16504.0,25,1,484.38,0,0.0004479975257547639,Low Risk
16505.0,32,1,777.6,0,0.0009733146104020821,Low Risk
16506.0,20,2,90.3,0,0.00025329517593387484,Low Risk
16509.0,297,1,363.7000000000001,1,0.999999999898622,High Risk
16510.0,372,1,248.1,1,0.9999999999999789,High Risk
16511.0,22,3,950.26,0,0.00029721886181311005,Low Risk
16513.0,5,4,874.59,0,4.2686615915692164e-05,Low Risk
16515.0,52,5,1627.13,0,0.008044608650999763,Low Risk
16516.0,30,1,101.7,0,0.0008022522629851107,Low Risk
16517.0,277,1,162.70000000000002,1,0.9999999990391704,High Risk
16518.0,61,3,480.92,0,0.024268261378909854,Low Risk
16519.0,25,2,215.08,0,0.0004427602797902111,Low Risk
16520.0,186,4,1036.62,1,0.9999686660530116,High Risk
16523.0,2,28,9295.67,0,1.1237305675543142e-05,Low Risk
16525.0,2,29,11895.57,0,9.678707183936135e-06,Low Risk
16526.0,172,1,290.36,1,0.9998635712707914,High Risk
16527.0,81,1,228.06,0,0.20197924692890587,Low Risk
16528.0,4,1,244.41,0,4.231709098874881e-05,Low Risk
16529.0,190,1,455.25,1,0.9999819867846462,High Risk
16531.0,22,7,1244.59,0,0.0002655205579018127,Low Risk
16532.0,18,3,6748.8,0,0.00014329828758535105,Low Risk
16533.0,19,5,1026.94,0,0.00020088917654897346,Low Risk
16535.0,5,1,593.75,0,4.658918749203285e-05,Low Risk
16536.0,107,2,539.02,1,0.820920939674723,High Risk
16539.0,3,4,1388.81,0,3.322776101489337e-05,Low Risk
16542.0,54,1,119.62,0,0.011916410136644792,Low Risk
16545.0,165,1,339.3,1,0.9996985857270324,High Risk
16546.0,291,3,-95.93000000000012,1,0.9999999997948497,High Risk
16549.0,10,10,4154.64,0,5.532506685435494e-05,Low Risk
16550.0,109,9,2266.25,1,0.816518073653217,High Risk
16551.0,96,3,922.12,1,0.5590584227857772,Medium Risk
16552.0,243,2,379.73,1,0.9999999537203444,High Risk
16553.0,163,14,5664.57,1,0.9993281517849248,High Risk
16554.0,3,7,641.55,0,3.1982425048806366e-05,Low Risk
16555.0,35,2,285.89,0,0.0013637599948378998,Low Risk
16556.0,67,7,3313.79,0,0.03729278475674889,Low Risk
16557.0,24,2,281.85,0,0.00039423502561796684,Low Risk
16558.0,1,24,8257.04,0,1.1644097146919827e-05,Low Risk
16560.0,21,3,816.51,0,0.00026719582842527577,Low Risk
16561.0,6,2,511.12,0,5.108952843257678e-05,Low Risk
16563.0,54,1,1077.74,0,0.011387540405274711,Low Risk
16565.0,364,1,173.7,1,0.999999999999948,High Risk
16566.0,15,6,614.01,0,0.00012726004696616032,Low Risk
16567.0,194,2,865.6,1,0.9999880139594359,High Risk
16569.0,3,1,124.2,0,3.801684188185271e-05,Low Risk
16570.0,9,15,3622.95,0,4.4809667690636495e-05,Low Risk
16571.0,3,5,1285.22,0,3.257932383467743e-05,Low Risk
16572.0,127,4,999.7,1,0.9761013201099762,High Risk
16573.0,74,4,648.41,0,0.09460621472880441,Low Risk
16574.0,71,1,451.44,0,0.07488481226386053,Low Risk
16579.0,365,1,-30.6,1,0.999999999999954,High Risk
16581.0,155,2,70.44,1,0.9990571396882518,High Risk
16582.0,113,1,313.62,1,0.9034057698924728,High Risk
16583.0,374,1,233.45,1,0.9999999999999831,High Risk
16584.0,80,3,908.03,0,0.17238110622101244,Low Risk
16586.0,249,1,463.95,1,0.9999999769770368,High Risk
16587.0,232,1,225.15,1,0.9999998447813142,High Risk
16589.0,71,3,459.24,0,0.07151213297187214,Low Risk
16591.0,69,1,213.5,0,0.06131714349389025,Low Risk
16592.0,4,19,4073.28,0,2.2590172482303243e-05,Low Risk
16593.0,51,3,330.03,0,0.008033464260467051,Low Risk
16594.0,75,1,181.09,0,0.11412402003318707,Low Risk
16595.0,61,1,360.16,0,0.025608719632160343,Low Risk
16596.0,16,2,250.15,0,0.00016001541767096713,Low Risk
16597.0,4,1,90.04,0,4.2631403179062326e-05,Low Risk
16598.0,277,2,140.7,1,0.9999999990162056,High Risk
16600.0,4,6,813.52,0,3.639900354429749e-05,Low Risk
16601.0,41,1,244.8,0,0.0027540432214131264,Low Risk
16602.0,31,2,494.73,0,0.0008598673437472014,Low Risk
16603.0,75,2,482.47,0,0.11022805395530542,Low Risk
16607.0,18,16,3038.67,0,0.00012421822877185977,Low Risk
16609.0,15,9,5450.96,0,9.372470071383116e-05,Low Risk
16610.0,219,1,75.66,1,0.9999993310271665,High Risk
16611.0,186,2,120.99,1,0.9999714555942855,High Risk
16612.0,33,4,1187.66,0,0.0009922108519338367,Low Risk
16613.0,70,1,618.59,0,0.06692524194748409,Low Risk
16614.0,183,1,506.19,1,0.9999601935852354,High Risk
16616.0,15,2,500.42,0,0.00014122611762781132,Low Risk
16617.0,236,1,151.85,1,0.9999999015444109,High Risk
16618.0,31,6,2630.64,0,0.0007033412719488451,Low Risk
16619.0,254,2,204.41,1,0.9999999867489067,High Risk
16620.0,4,2,178.96,0,4.141549294386701e-05,Low Risk
16621.0,52,4,813.48,0,0.008569023739473667,Low Risk
16623.0,246,1,129.45000000000002,1,0.9999999682070998,High Risk
16624.0,81,2,810.57,0,0.19363377302619308,Low Risk
16625.0,275,1,333.08,1,0.9999999987858219,High Risk
16626.0,1,20,4379.65,0,1.5477288342424638e-05,Low Risk
16627.0,79,1,322.8,0,0.16737184551982964,Low Risk
16628.0,30,6,2183.04,0,0.0006418999987084315,Low Risk
16629.0,74,2,417.73,0,0.0999087361529631,Low Risk
16633.0,17,7,2878.15,0,0.00013961125841791043,Low Risk
16634.0,223,2,217.9,1,0.999999560551022,High Risk
16637.0,32,5,1124.59,0,0.0008673830530932726,Low Risk
16638.0,23,11,1676.47,0,0.0002638077387260555,Low Risk
16639.0,25,4,1169.38,0,0.0004026110438867178,Low Risk
16641.0,106,1,231.1,1,0.8098609017420287,High Risk
16642.0,5,3,679.83,0,4.416334675929352e-05,Low Risk
16643.0,246,1,487.51,1,0.9999999676566577,High Risk
16644.0,178,2,833.78,1,0.9999271051190698,High Risk
16647.0,170,2,214.06,1,0.9998253753742848,High Risk
16648.0,39,2,270.86,0,0.002142346410599361,Low Risk
16650.0,72,1,518.42,0,0.082849242157799,Low Risk
16652.0,54,11,6654.26,0,0.0068416350136083865,Low Risk
16653.0,16,3,1166.92,0,0.00014940440902848907,Low Risk
16654.0,141,5,594.97,1,0.9949608976196205,High Risk
16655.0,18,6,3794.52,0,0.0001533190858938867,Low Risk
16656.0,22,21,8568.24,0,0.00013232884015201656,Low Risk
16657.0,10,4,933.62,0,7.486359917848583e-05,Low Risk
16658.0,368,1,123.24,1,0.9999999999999669,High Risk
16659.0,189,1,39.12,1,0.9999802316187373,High Risk
16660.0,16,5,810.45,0,0.00014466220516749334,Low Risk
16665.0,362,1,135.4,1,0.9999999999999349,High Risk
16666.0,19,1,118.98,0,0.00023158523534022414,Low Risk
16667.0,68,2,570.13,0,0.05299442393733391,Low Risk
16668.0,15,6,306.72,0,0.00012914838728475254,Low Risk
16669.0,24,4,1370.87,0,0.000356177497712473,Low Risk
16670.0,17,17,4022.46,0,0.00010326464919938299,Low Risk
16671.0,28,3,1692.27,0,0.0005646482420381332,Low Risk
16672.0,2,23,8093.59,0,1.3466924983158503e-05,Low Risk
16674.0,55,2,319.61,0,0.012879135033197474,Low Risk
16676.0,34,5,1558.72,0,0.0010645730632648385,Low Risk
16678.0,3,17,3013.83,0,2.2303083065234727e-05,Low Risk
16679.0,366,1,129.75,1,0.9999999999999587,High Risk
16680.0,43,1,183.7,0,0.003459586978010242,Low Risk
16681.0,73,6,1770.34,0,0.07765026664007063,Low Risk
16682.0,5,5,1028.0,0,4.1341127671414344e-05,Low Risk
16684.0,4,31,65892.08,0,8.675195251715156e-07,Low Risk
16685.0,61,2,324.24,0,0.02504217993784884,Low Risk
16686.0,47,9,3043.48,0,0.0038881827063947287,Low Risk
16688.0,1,4,1260.86,0,2.6673440958232223e-05,Low Risk
16689.0,76,3,303.26,0,0.12009105410723268,Low Risk
16690.0,44,3,208.63,0,0.0036814665361269037,Low Risk
16692.0,256,2,1276.0,1,0.999999988870561,High Risk
16693.0,69,2,482.01,0,0.05919131531566026,Low Risk
16696.0,135,4,657.9,1,0.9903352656524893,High Risk
16697.0,241,1,112.75,1,0.9999999441266911,High Risk
16698.0,227,2,1998.0,1,0.9999996953561916,High Risk
16700.0,9,17,5040.0,0,3.9850987052485115e-05,Low Risk
16701.0,9,18,5150.27,0,3.867477265625597e-05,Low Risk
16705.0,1,29,13946.13,0,7.83576553971459e-06,Low Risk
16706.0,37,3,531.35,0,0.0016476947943344302,Low Risk
16708.0,46,1,656.63,0,0.004739721794907577,Low Risk
16709.0,85,5,3029.87,0,0.23952789288641585,Low Risk
16710.0,19,10,2483.04,0,0.00016560597218738754,Low Risk
16711.0,3,5,1651.03,0,3.201298765179152e-05,Low Risk
16712.0,9,11,3645.43,0,4.9404417079223795e-05,Low Risk
16713.0,19,21,6840.2300000000005,0,0.00010244982156217193,Low Risk
16714.0,219,4,911.53,1,0.9999992501762589,High Risk
16715.0,78,1,301.72,0,0.15234997430341005,Low Risk
16716.0,267,3,319.8000000000001,1,0.999999996853751,High Risk
16717.0,9,9,3278.36,0,5.282489873105185e-05,Low Risk
16718.0,369,1,623.75,1,0.9999999999999698,High Risk
16719.0,15,8,1773.92,0,0.00011458200177990013,Low Risk
16720.0,26,1,155.24,0,0.000509502034748988,Low Risk
16721.0,262,1,292.47,1,0.9999999947396581,High Risk
16722.0,17,16,4711.21,0,0.00010240670740189743,Low Risk
16723.0,91,2,589.15,1,0.4288203154171487,Medium Risk
16725.0,302,8,775.07,1,0.9999999999301288,High Risk
16726.0,26,5,1382.02,0,0.0004352840225064215,Low Risk
16727.0,364,1,272.82,1,0.9999999999999478,High Risk
16728.0,46,4,1054.67,0,0.004320168634256587,Low Risk
16729.0,36,26,7076.28,0,0.0006103101030319223,Low Risk
16730.0,52,4,702.79,0,0.008614222680667994,Low Risk
16732.0,32,1,603.75,0,0.0009814523833927109,Low Risk
16734.0,52,3,650.51,0,0.008849475008369715,Low Risk
16735.0,79,7,2269.21,0,0.1363754580360025,Low Risk
16737.0,53,1,417.6,0,0.010507896906837247,Low Risk
16738.0,298,1,3.75,1,0.999999999910997,High Risk
16739.0,172,2,312.55,1,0.9998600147421098,High Risk
16742.0,47,2,0.0,0,0.0053393747780757506,Low Risk
16743.0,29,8,2191.84,0,0.0005455688817167316,Low Risk
16744.0,11,7,1304.76,0,7.646087465088593e-05,Low Risk
16745.0,87,18,7170.7,0,0.1902032494384683,Low Risk
16746.0,5,19,6694.31,0,2.230461015667165e-05,Low Risk
16747.0,25,4,826.96,0,0.00040927189194243246,Low Risk
16748.0,18,5,1515.9,0,0.00017528437434937336,Low Risk
16750.0,45,5,623.93,0,0.0038451683855850807,Low Risk
16751.0,31,1,1764.72,0,0.0008293154725025689,Low Risk
16752.0,373,1,207.5,1,0.9999999999999811,High Risk
16753.0,58,1,223.92,0,0.018503193663778283,Low Risk
16754.0,372,1,2002.4,1,0.9999999999999769,High Risk
16755.0,114,5,1484.63,1,0.8996864837558793,High Risk
16756.0,215,1,239.4,1,0.9999989407586898,High Risk
16757.0,319,1,106.83,1,0.9999999999916513,High Risk
16758.0,65,1,369.34,0,0.03963485705637489,Low Risk
16759.0,8,4,772.84,0,6.0191575388622036e-05,Low Risk
16761.0,97,1,316.62,1,0.6055505161768968,Medium Risk
16762.0,20,3,1501.38,0,0.00023096285565994587,Low Risk
16763.0,185,2,594.9,1,0.9999673088405492,High Risk
16764.0,4,18,2758.25,0,2.4661153197889863e-05,Low Risk
16765.0,294,1,34.0,1,0.9999999998599729,High Risk
16766.0,273,2,1145.6,1,0.999999998378176,High Risk
16767.0,31,11,5580.6,0,0.0005398080702141567,Low Risk
16768.0,48,5,458.04,0,0.005430136959007921,Low Risk
16769.0,260,1,380.39,1,0.9999999933788528,High Risk
16770.0,58,6,744.9,0,0.015992972176629646,Low Risk
16771.0,33,5,2246.81,0,0.0009201697171447248,Low Risk
16773.0,57,1,171.59,0,0.01660094095482082,Low Risk
16774.0,68,5,654.92,0,0.04920951565612839,Low Risk
16775.0,10,11,1695.66,0,6.072942204348933e-05,Low Risk
16776.0,60,1,388.28,0,0.02290660417405886,Low Risk
16777.0,80,2,226.35,0,0.18071791711858154,Low Risk
16778.0,74,2,245.94,0,0.10065177553775936,Low Risk
16779.0,2,28,10454.05,0,1.0630291479069032e-05,Low Risk
16780.0,100,2,425.19,1,0.6764607982174142,Medium Risk
16781.0,365,2,294.65000000000003,1,0.999999999999952,High Risk
16782.0,10,19,2242.25,0,4.8561976338314955e-05,Low Risk
16784.0,20,1,107.6,0,0.0002594060503333665,Low Risk
16788.0,123,2,597.48,1,0.9653321319563787,High Risk
16789.0,8,1,80.80000000000001,0,6.700218645981735e-05,Low Risk
16790.0,4,8,1520.12,0,3.349248855466287e-05,Low Risk
16791.0,29,8,1706.28,0,0.0005584101351518266,Low Risk
16792.0,282,2,110.38,1,0.9999999994414641,High Risk
16793.0,57,1,243.84,0,0.016544490631378955,Low Risk
16794.0,1,12,1201.51,0,2.195778794182281e-05,Low Risk
16795.0,365,1,414.88,1,0.9999999999999529,High Risk
16796.0,89,1,305.62,0,0.3836092132503334,Medium Risk
16800.0,11,1,1201.49,0,8.910046271936292e-05,Low Risk
16801.0,163,5,867.8299999999999,1,0.9995723723780746,High Risk
16803.0,65,1,332.3,0,0.039702501600226724,Low Risk
16804.0,23,3,536.99,0,0.0003393959439671289,Low Risk
16805.0,174,2,460.59,1,0.9998875168065546,High Risk
16806.0,103,4,801.49,1,0.7328150306456694,High Risk
16807.0,143,3,1121.59,1,0.9960710111696982,High Risk
16808.0,99,2,288.42,1,0.6527574311181586,Medium Risk
16809.0,23,6,912.74,0,0.00030956260496776885,Low Risk
16810.0,192,2,275.64,1,0.9999853957078475,High Risk
16811.0,5,2,547.07,0,4.5555564762192416e-05,Low Risk
16812.0,361,1,479.35,1,0.9999999999999261,High Risk
16813.0,8,10,1692.98,0,4.966918006091455e-05,Low Risk
16814.0,14,22,6500.6,0,5.776485525459412e-05,Low Risk
16816.0,103,4,417.06,1,0.7364079301689529,High Risk
16817.0,3,13,1446.95,0,2.6536847863076207e-05,Low Risk
16818.0,11,13,3317.9700000000003,0,5.987363626872715e-05,Low Risk
16820.0,96,1,497.61,1,0.5761629528789637,Medium Risk
16823.0,227,1,358.38,1,0.9999997252487205,High Risk
16824.0,16,2,460.64,0,0.00015840911191799,Low Risk
16825.0,39,2,775.18,0,0.0020912794027227715,Low Risk
16826.0,51,1,341.7,0,0.008431746320279605,Low Risk
16828.0,93,2,128.5,1,0.49032001201637326,Medium Risk
16829.0,157,1,197.22,1,0.9992614652964467,High Risk
16830.0,39,1,325.91,0,0.002189973478765542,Low Risk
16832.0,184,3,199.15,1,0.9999631913835194,High Risk
16833.0,1,4,1106.53,0,2.687151079526215e-05,Low Risk
16834.0,228,1,413.46,1,0.9999997539393858,High Risk
16835.0,128,2,180.85,1,0.9803777988083197,High Risk
16836.0,40,2,251.87,0,0.002400033410199055,Low Risk
16837.0,31,12,3167.73,0,0.0005912029397745755,Low Risk
16838.0,197,3,582.9,1,0.9999913627740367,High Risk
16839.0,9,39,15357.78,0,1.41215798616275e-05,Low Risk
16841.0,37,7,1774.62,0,0.0014068013778215488,Low Risk
16842.0,64,4,1260.44,0,0.031759888458136036,Low Risk
16843.0,43,17,10183.82,0,0.0014462506496972652,Low Risk
16846.0,50,1,214.32,0,0.0075839652166002,Low Risk
16847.0,43,1,193.44,0,0.0034579775539146395,Low Risk
16848.0,53,1,281.42,0,0.010575993130930975,Low Risk
16849.0,187,1,124.57,1,0.9999751207821652,High Risk
16850.0,334,1,332.41,1,0.9999999999984488,High Risk
16851.0,4,3,342.45,0,4.009069215421992e-05,Low Risk
16852.0,10,2,144.91,0,8.168091572397762e-05,Low Risk
16855.0,24,2,328.40000000000003,0,0.0003933565846251648,Low Risk
16856.0,15,1,35.400000000000006,0,0.0001480163644738271,Low Risk
16858.0,366,2,345.89000000000004,1,0.9999999999999571,High Risk
16859.0,106,5,473.14,1,0.7922933794093885,High Risk
16861.0,60,3,151.65,0,0.022071223913034874,Low Risk
16863.0,29,4,481.35,0,0.0006535500854889635,Low Risk
16866.0,141,3,207.74,1,0.9952901965004766,High Risk
16869.0,23,5,805.62,0,0.0003189265436363243,Low Risk
16871.0,22,7,2761.49,0,0.00024690201017871607,Low Risk
16872.0,77,3,680.02,0,0.13048231411418704,Low Risk
16873.0,5,10,7066.31,0,2.7358459905925468e-05,Low Risk
16875.0,64,9,2023.47,0,0.027192951167268838,Low Risk
16877.0,12,6,853.72,0,8.96570655034973e-05,Low Risk
16878.0,25,2,0.0,0,0.0004473470639792003,Low Risk
16880.0,31,7,1519.08,0,0.000723741900194039,Low Risk
16881.0,67,1,432.0,0,0.04904396286241513,Low Risk
16882.0,67,3,705.12,0,0.04621239063957365,Low Risk
16883.0,187,2,276.73,1,0.9999743125887431,High Risk
16884.0,38,2,429.84,0,0.0018995076457684428,Low Risk
16885.0,15,3,471.51,0,0.00013797560698430896,Low Risk
16887.0,35,1,194.88,0,0.001403884343165425,Low Risk
16889.0,195,3,1578.67,1,0.9999886448297242,High Risk
16891.0,2,5,809.7,0,2.9771392382688793e-05,Low Risk
16892.0,1,7,496.84,0,2.5694382329876846e-05,Low Risk
16893.0,367,1,145.93,1,0.9999999999999629,High Risk
16895.0,65,1,219.14,0,0.03990984700050956,Low Risk
16897.0,299,3,213.03,1,0.9999999999156375,High Risk
16898.0,26,4,444.46,0,0.0004666539703979614,Low Risk
16899.0,8,6,1281.56,0,5.591316273920892e-05,Low Risk
16900.0,12,5,187.69,0,9.487786658031046e-05,Low Risk
16902.0,116,1,1706.88,1,0.9246761896198649,High Risk
16903.0,29,1,373.24,0,0.0007073826031454264,Low Risk
16904.0,4,16,3754.27,0,2.470065265353597e-05,Low Risk
16905.0,5,8,3085.48,0,3.4785696359212e-05,Low Risk
16906.0,82,4,579.77,0,0.20555580322833902,Low Risk
16907.0,29,5,981.65,0,0.0006225298354266394,Low Risk
16909.0,64,2,364.14,0,0.034724812063184195,Low Risk
16910.0,4,8,1510.06,0,3.350864436082251e-05,Low Risk
16912.0,23,14,2528.67,0,0.00023518479296129888,Low Risk
16913.0,290,1,113.44,1,0.9999999997791773,High Risk
16914.0,36,1,208.46,0,0.0015704370974688893,Low Risk
16915.0,9,6,621.6800000000001,0,6.460903685002456e-05,Low Risk
16916.0,24,2,576.26,0,0.0003887120796330903,Low Risk
16917.0,277,1,391.52,1,0.9999999990285726,High Risk
16918.0,50,7,1043.34,0,0.006293676663735665,Low Risk
16919.0,156,11,2596.45,1,0.9988133236934629,High Risk
16921.0,61,1,169.79,0,0.025837434351880594,Low Risk
16923.0,12,26,6666.83,0,4.1424477962257414e-05,Low Risk
16924.0,21,4,739.5,0,0.00026164919224975266,Low Risk
16926.0,371,1,230.25,1,0.9999999999999762,High Risk
16927.0,116,3,543.05,1,0.9251238076011561,High Risk
16928.0,80,19,2781.5,0,0.11370414886870736,Low Risk
16929.0,4,7,1295.39,0,3.4700981254382785e-05,Low Risk
16930.0,26,3,380.55,0,0.0004797730858131199,Low Risk
16931.0,5,21,4604.22,0,2.3468072896903137e-05,Low Risk
16932.0,53,1,161.94,0,0.010636098029110374,Low Risk
16933.0,1,5,530.08,0,2.6951170139734146e-05,Low Risk
16934.0,55,2,950.93,0,0.012499985085644061,Low Risk
16936.0,26,1,262.68,0,0.0005068858595309512,Low Risk
16938.0,9,5,1903.13,0,6.227743498826869e-05,Low Risk
16940.0,52,3,3049.88,0,0.00789552120661142,Low Risk
16942.0,13,10,1894.11,0,8.65177942419189e-05,Low Risk
16943.0,212,3,816.73,1,0.9999983946127879,High Risk
16945.0,22,19,4345.5,0,0.0001702107010337163,Low Risk
16947.0,236,1,406.48,1,0.9999999003352159,High Risk
16948.0,139,3,435.02,1,0.9940395719887474,High Risk
16949.0,4,7,1161.27,0,3.49248070409306e-05,Low Risk
16950.0,57,3,1178.56,0,0.015080189361973223,Low Risk
16951.0,123,4,1262.75,1,0.9625080858005739,High Risk
16952.0,109,2,167.61,1,0.8539922444845772,High Risk
16953.0,30,1,20.8,0,0.000805367169807678,Low Risk
16954.0,1,9,2085.08,0,2.2664208443488525e-05,Low Risk
16955.0,185,5,493.67,1,0.9999649676092675,High Risk
16956.0,9,2,292.34,0,7.244538938472973e-05,Low Risk
16957.0,239,2,416.64,1,0.999999927165671,High Risk
16959.0,87,1,117.35,0,0.33379086475856934,Medium Risk
16960.0,39,3,507.05,0,0.002066755660740545,Low Risk
16961.0,116,1,234.17,1,0.9294484848432657,High Risk
16963.0,187,1,110.55,1,0.9999751374977303,High Risk
16965.0,227,1,201.19,1,0.999999727311355,High Risk
16966.0,8,10,2148.47,0,4.8596414541907894e-05,Low Risk
16967.0,189,1,319.02,1,0.9999799645793267,High Risk
16968.0,4,2,439.43,0,4.09015827987308e-05,Low Risk
16969.0,39,3,650.41,0,0.0020526294293677656,Low Risk
16971.0,3,2,232.21,0,3.689875822290648e-05,Low Risk
16976.0,267,1,251.52,1,0.9999999970150335,High Risk
16978.0,78,1,344.33,0,0.15208636841580672,Low Risk
16979.0,4,8,1809.05,0,3.303179248901845e-05,Low Risk
16980.0,255,2,1078.96,1,0.9999999876571538,High Risk
16982.0,61,1,384.06,0,0.025580145294141446,Low Risk
16983.0,13,8,1920.2,0,9.078047242764226e-05,Low Risk
16984.0,78,5,4392.42,0,0.11804328307106096,Low Risk
16985.0,17,11,5461.62,0,0.0001117586192736989,Low Risk
16986.0,30,2,1873.2,0,0.0007190328868026438,Low Risk
16987.0,3,7,1625.05,0,3.0509544135074745e-05,Low Risk
16988.0,5,1,126.12,0,4.764536509528826e-05,Low Risk
16989.0,7,6,1133.25,0,5.0299063398252415e-05,Low Risk
16990.0,219,1,179.0,1,0.9999993277048124,High Risk
16992.0,11,6,1601.86,0,7.72626072921426e-05,Low Risk
16995.0,372,1,-1.25,1,0.9999999999999791,High Risk
16996.0,30,9,1427.46,0,0.0006181027973617235,Low Risk
16997.0,288,3,702.0,1,0.9999999997008988,High Risk
16998.0,150,6,287.02,1,0.9981522253879017,High Risk
16999.0,23,2,484.82,0,0.0003487424215457442,Low Risk
17001.0,1,11,3989.57,0,1.9690585527344288e-05,Low Risk
17002.0,73,4,1487.78,0,0.08227619809030146,Low Risk
17004.0,46,2,1412.94,0,0.004460795089031097,Low Risk
17006.0,5,4,781.78,0,4.287695476551247e-05,Low Risk
17007.0,51,7,877.4300000000001,0,0.007096626830880826,Low Risk
17010.0,17,2,185.46,0,0.0001796985217171224,Low Risk
17011.0,30,1,270.9,0,0.0007957763878972091,Low Risk
17014.0,8,4,565.58,0,6.079257917490563e-05,Low Risk
17015.0,29,3,1842.56,0,0.0006275755432857372,Low Risk
17017.0,3,27,8574.11,0,1.3348868367267287e-05,Low Risk
17018.0,41,2,920.1,0,0.0026017251929534666,Low Risk
17019.0,11,4,1272.61,0,8.246203998753341e-05,Low Risk
17022.0,31,1,71.0,0,0.0008993987570736653,Low Risk
17024.0,45,3,95.85,0,0.004142022992099829,Low Risk
17025.0,61,3,357.77,0,0.02440845129702665,Low Risk
17026.0,185,2,154.83,1,0.9999679912707,High Risk
17027.0,79,7,848.59,0,0.14459694683497132,Low Risk
17029.0,111,2,716.0,1,0.8771625747061433,High Risk
17030.0,64,1,146.87,0,0.03592040294684924,Low Risk
17031.0,12,2,380.35,0,0.00010122762878290412,Low Risk
17033.0,86,3,1030.14,0,0.2896415404714761,Low Risk
17034.0,16,4,734.57,0,0.00014881582170314986,Low Risk
17035.0,246,3,388.33,1,0.9999999661816801,High Risk
17037.0,78,2,1253.22,0,0.14349297440032466,Low Risk
17038.0,30,1,112.4,0,0.0008018411813904807,Low Risk
17040.0,138,1,449.73,1,0.9936463363975617,High Risk
17041.0,27,4,1065.77,0,0.0005070913588199178,Low Risk
17042.0,3,5,1044.38,0,3.295764354551104e-05,Low Risk
17043.0,32,4,1735.18,0,0.00086340845085127,Low Risk
17044.0,9,3,897.4300000000001,0,6.865916200982035e-05,Low Risk
17045.0,113,3,339.44,1,0.8989003851694081,High Risk
17046.0,157,1,642.02,1,0.9992455600818257,High Risk
17047.0,85,3,1100.9,0,0.2663058681214189,Low Risk
17048.0,115,6,864.32,1,0.9098444844534098,High Risk
17049.0,3,11,5594.78,0,2.2852084541906232e-05,Low Risk
17050.0,96,6,3228.84,1,0.513180708962752,Medium Risk
17051.0,194,1,247.14,1,0.9999886477025951,High Risk
17052.0,28,1,413.75,0,0.0006306667191756605,Low Risk
17053.0,129,2,496.38,1,0.982173448403249,High Risk
17054.0,28,6,1353.83,0,0.0005329542839420359,Low Risk
17058.0,82,3,1179.89,0,0.2048879057138988,Low Risk
17059.0,30,5,3095.04,0,0.000629797541907035,Low Risk
17060.0,266,1,234.24,1,0.999999996660941,High Risk
17061.0,74,12,5116.13,0,0.06475344779252187,Low Risk
17062.0,314,5,534.47,1,0.9999999999834572,High Risk
17063.0,9,11,1421.59,0,5.4962104930185377e-05,Low Risk
17064.0,59,3,859.35,0,0.01911432619107611,Low Risk
17065.0,143,1,-112.35,1,0.9964735818407906,High Risk
17068.0,12,22,4531.34,0,5.064979333647567e-05,Low Risk
17069.0,28,13,2655.2200000000003,0,0.0004213389230018511,Low Risk
17070.0,114,1,312.14,1,0.9128270718494662,High Risk
17071.0,9,14,2385.48,0,4.873600933300278e-05,Low Risk
17073.0,18,4,1446.09,0,0.00018026461816208784,Low Risk
17075.0,18,5,813.77,0,0.00018128373090207136,Low Risk
17076.0,36,3,841.0799999999999,0,0.0014503395655806573,Low Risk
17078.0,36,2,378.2,0,0.0015198214929932007,Low Risk
17079.0,78,1,118.8,0,0.1534858646972668,Low Risk
17080.0,22,3,285.5,0,0.0003068402891053818,Low Risk
17081.0,25,2,290.16,0,0.0004411702216846511,Low Risk
17082.0,33,2,2003.85,0,0.0010023944234078895,Low Risk
17083.0,109,3,1405.78,1,0.8431996777500445,High Risk
17084.0,35,2,2949.75,0,0.0012004603511829252,Low Risk
17085.0,123,6,1555.05,1,0.9601533769418594,High Risk
17086.0,7,6,2050.08,0,4.81362866175508e-05,Low Risk
17088.0,28,4,1991.01,0,0.0005430647575006633,Low Risk
17090.0,4,8,2041.85,0,3.266520907134243e-05,Low Risk
17091.0,3,10,3802.81,0,2.5524027824870248e-05,Low Risk
17092.0,50,4,1777.78,0,0.006541139333408787,Low Risk
17094.0,318,2,270.20000000000005,1,0.9999999999903444,High Risk
17095.0,22,6,1088.2,0,0.00027419934742516105,Low Risk
17096.0,9,7,992.68,0,6.192332280876112e-05,Low Risk
17097.0,2,9,937.92,0,2.6808149211419822e-05,Low Risk
17100.0,18,2,971.74,0,0.00019373700093522968,Low Risk
17101.0,10,4,1621.73,0,7.243449190421042e-05,Low Risk
17102.0,262,1,25.5,1,0.999999994806553,High Risk
17105.0,159,2,665.78,1,0.999382259622469,High Risk
17107.0,33,7,10380.43,0,0.0005932494196474651,Low Risk
17109.0,29,8,869.6800000000001,0,0.0005812476978045045,Low Risk
17110.0,165,1,163.29999999999998,1,0.9997011174073298,High Risk
17111.0,47,1,248.61,0,0.005407551164529827,Low Risk
17114.0,6,10,747.22,0,4.146601935342577e-05,Low Risk
17115.0,8,5,806.9,0,5.862883233704456e-05,Low Risk
17117.0,288,1,116.2,1,0.9999999997231848,High Risk
17118.0,318,1,157.02,1,0.9999999999906306,High Risk
17119.0,3,3,593.61,0,3.5381162613079576e-05,Low Risk
17120.0,233,1,307.46,1,0.9999998608083124,High Risk
17122.0,119,1,138.32,1,0.9489053791948172,High Risk
17123.0,162,1,345.3,1,0.9995769720474329,High Risk
17124.0,185,1,298.89,1,0.9999685549735744,High Risk
17125.0,50,1,259.35,0,0.00756773502896977,Low Risk
17126.0,152,7,991.85,1,0.9984365845784836,High Risk
17128.0,335,1,157.09,1,0.9999999999986262,High Risk
17131.0,5,5,2463.17,0,3.8592552521614885e-05,Low Risk
17133.0,16,7,4892.240000000001,0,0.00011322816834239106,Low Risk
17134.0,107,2,425.0,1,0.821723094126767,High Risk
17135.0,16,7,1139.73,0,0.00013554123710267615,Low Risk
17138.0,276,1,380.5,1,0.9999999989130106,High Risk
17139.0,16,15,10585.57,0,7.074741139013693e-05,Low Risk
17140.0,247,1,465.32,1,0.9999999711411836,High Risk
17142.0,239,1,579.0,1,0.9999999283855907,High Risk
17144.0,1,2,984.57,0,2.839635851508422e-05,Low Risk
17146.0,106,3,749.78,1,0.7981694241295578,High Risk
17147.0,23,6,1679.64,0,0.00029839161214607445,Low Risk
17148.0,52,1,124.88,0,0.00952786786334905,Low Risk
17152.0,195,4,1503.5,1,0.9999884030298538,High Risk
17153.0,24,1,213.78,0,0.0004053998488975978,Low Risk
17154.0,75,1,329.34,0,0.11340746997613002,Low Risk
17155.0,18,2,251.7,0,0.00020053987252668934,Low Risk
17157.0,8,3,306.55,0,6.30897134379731e-05,Low Risk
17158.0,32,3,1266.97,0,0.0009050285530396902,Low Risk
17159.0,22,4,1534.73,0,0.00028196707588721957,Low Risk
17160.0,31,6,3518.03,0,0.000674067685059985,Low Risk
17162.0,29,11,1707.21,0,0.0005185649773345754,Low Risk
17163.0,22,2,293.1,0,0.00031438867523976143,Low Risk
17164.0,33,8,2466.4,0,0.0008456301276643046,Low Risk
17165.0,284,1,158.68,1,0.9999999995642355,High Risk
17166.0,39,3,189.49,0,0.0020983934172345052,Low Risk
17169.0,50,4,816.88,0,0.006847393446626764,Low Risk
17171.0,289,1,224.91,1,0.9999999997514528,High Risk
17172.0,75,2,313.26,0,0.11102616414974834,Low Risk
17173.0,5,9,3755.65,0,3.286492789818812e-05,Low Risk
17174.0,218,1,59.9,1,0.9999992516156176,High Risk
17175.0,44,5,1430.94,0,0.0033060098943606974,Low Risk
17176.0,202,1,306.13,1,0.999995387251937,High Risk
17179.0,178,3,711.79,1,0.9999257198730148,High Risk
17180.0,56,6,780.38,0,0.01277961090666284,Low Risk
17181.0,57,2,239.92,0,0.01615075514604178,Low Risk
17183.0,8,8,3286.91,0,4.8343071630328535e-05,Low Risk
17186.0,47,2,144.0,0,0.0053028372913043595,Low Risk
17187.0,227,1,203.95,1,0.9999997272752723,High Risk
17188.0,11,9,2275.58,0,6.947010267372999e-05,Low Risk
17189.0,106,2,384.4,1,0.8048807059843999,High Risk
17190.0,59,3,249.74,0,0.01967002295106371,Low Risk
17191.0,28,7,2095.13,0,0.0005018266436711274,Low Risk
17193.0,36,9,1674.46,0,0.0012020726017797727,Low Risk
17194.0,274,2,262.62,1,0.9999999986114041,High Risk
17197.0,30,1,1013.01,0,0.0007679846099815882,Low Risk
17198.0,24,3,692.22,0,0.0003771401552707198,Low Risk
17201.0,54,1,342.63,0,0.011791184826497539,Low Risk
17203.0,36,6,3563.85,0,0.001182362192760926,Low Risk
17204.0,169,9,1352.91,1,0.9997546184198459,High Risk
17205.0,54,1,384.08,0,0.011768053394915505,Low Risk
17206.0,53,1,204.24,0,0.010614780301331167,Low Risk
17211.0,27,9,2299.67,0,0.00042252581826905065,Low Risk
17212.0,253,1,226.85,1,0.999999985510704,High Risk
17213.0,40,11,2741.08,0,0.001707063685309914,Low Risk
17214.0,60,7,984.12,0,0.01926960676727659,Low Risk
17217.0,234,1,113.5,1,0.9999998768226938,High Risk
17218.0,4,10,1960.72,0,3.1213548590534315e-05,Low Risk
17219.0,32,1,114.23,0,0.0010047334028762708,Low Risk
17220.0,24,14,3198.25,0,0.0002549790387546543,Low Risk
17221.0,7,2,335.13,0,5.7681627259749674e-05,Low Risk
17222.0,65,1,354.15,0,0.03966258451821801,Low Risk
17223.0,310,2,426.79,1,0.9999999999759899,High Risk
17226.0,309,1,393.49,1,0.9999999999738163,High Risk
17227.0,19,6,939.32,0,0.00019681877324115678,Low Risk
17228.0,16,8,1906.09,0,0.0001274686654928986,Low Risk
17229.0,96,2,318.76,1,0.5722264623710047,Medium Risk
17230.0,264,11,3466.67,1,0.9999999937458004,High Risk
17231.0,12,14,3127.82,0,6.599639857071153e-05,Low Risk
17232.0,3,2,421.52,0,3.656541373765945e-05,Low Risk
17233.0,35,1,190.88,0,0.0014041531967170745,Low Risk
17234.0,183,1,149.89,1,0.9999608677113887,High Risk
17235.0,25,2,550.0600000000001,0,0.0004357099590344654,Low Risk
17236.0,13,6,916.13,0,0.00010007486628583457,Low Risk
17237.0,11,2,314.69,0,9.07039658130886e-05,Low Risk
17238.0,3,17,3744.65,0,2.1535238230154665e-05,Low Risk
17239.0,313,2,379.9500000000001,1,0.9999999999829279,High Risk
17242.0,108,2,1135.04,1,0.8329882585838019,High Risk
17243.0,1,30,8628.55,0,9.86451396125232e-06,Low Risk
17244.0,53,1,954.9,0,0.010243429075619058,Low Risk
17245.0,205,1,171.45000000000002,1,0.9999967339476902,High Risk
17247.0,15,1,282.19,0,0.00014627575922542568,Low Risk
17248.0,120,1,318.65,1,0.9537311920420543,High Risk
17250.0,4,2,384.52,0,4.100938770892068e-05,Low Risk
17251.0,363,1,283.28000000000003,1,0.9999999999999414,High Risk
17252.0,117,2,353.86,1,0.9346713744660139,High Risk
17253.0,18,1,178.26,0,0.00020627342200218302,Low Risk
17254.0,5,2,272.44,0,4.615926929662718e-05,Low Risk
17255.0,41,2,298.41,0,0.0026802217506905765,Low Risk
17256.0,107,2,240.0,1,0.8230186171164674,High Risk
17259.0,148,2,603.37,1,0.9978702073414137,High Risk
17262.0,52,5,1253.36,0,0.008188862738796442,Low Risk
17263.0,208,1,63.440000000000005,1,0.999997684516821,High Risk
17265.0,139,2,562.9,1,0.994148443123802,High Risk
17266.0,2,3,310.64,0,3.203469206001442e-05,Low Risk
17267.0,127,2,317.62,1,0.9779423406790747,High Risk
17268.0,108,4,763.64,1,0.828553627641561,High Risk
17272.0,42,5,2144.53,0,0.0025508649115715994,Low Risk
17274.0,35,1,111.98,0,0.0014094668547645918,Low Risk
17277.0,228,2,1065.35,1,0.9999997397861773,High Risk
17278.0,241,1,246.04,1,0.9999999437685259,High Risk
17279.0,58,1,187.83,0,0.01853464052910851,Low Risk
17282.0,130,3,1703.41,1,0.9826978153176641,High Risk
17284.0,60,7,1641.68,0,0.018682815640385143,Low Risk
17286.0,22,1,153.92,0,0.00032439658347888973,Low Risk
17287.0,26,7,1064.11,0,0.00042069355600394355,Low Risk
17288.0,9,7,1419.73,0,6.066855976695806e-05,Low Risk
17289.0,32,4,936.16,0,0.0008970922844095256,Low Risk
17290.0,4,2,525.24,0,4.073367904054131e-05,Low Risk
17291.0,308,1,550.8000000000001,1,0.9999999999704641,High Risk
17293.0,8,9,1875.11,0,5.0467378621596806e-05,Low Risk
17295.0,29,3,556.95,0,0.0006674440691901389,Low Risk
17297.0,17,1,131.78,0,0.0001846613380506858,Low Risk
17298.0,101,2,498.42,1,0.6999316666929767,Medium Risk
17299.0,12,4,669.11,0,9.502935427788311e-05,Low Risk
17301.0,21,1,197.63,0,0.0002891592936573018,Low Risk
17302.0,15,6,1119.93,0,0.00012421104925701217,Low Risk
17303.0,361,1,250.04,1,0.9999999999999267,High Risk
17306.0,11,21,8600.73,0,3.8153175541534934e-05,Low Risk
17307.0,365,1,-152.64,1,0.9999999999999543,High Risk
17309.0,95,1,82.75,1,0.5532969416705658,Medium Risk
17311.0,78,2,1384.85,0,0.14271916828841252,Low Risk
17312.0,139,3,644.3,1,0.9939798332269849,High Risk
17313.0,18,2,2288.13,0,0.00018189078198907124,Low Risk
17314.0,25,11,2514.76,0,0.000317614171801399,Low Risk
17315.0,1,43,6204.46,0,8.03965444427765e-06,Low Risk
17317.0,46,5,2524.02,0,0.003929735440412725,Low Risk
17320.0,100,3,1200.62,1,0.6627796423311322,Medium Risk
17321.0,8,2,700.86,0,6.345486811920032e-05,Low Risk
17323.0,15,9,908.99,0,0.00011652181633755043,Low Risk
17324.0,18,4,990.23,0,0.00018424669029561388,Low Risk
17325.0,280,1,96.8,1,0.9999999993174395,High Risk
17329.0,14,2,523.11,0,0.0001260099496584368,Low Risk
17330.0,23,2,363.9,0,0.0003507691846483475,Low Risk
17331.0,124,1,175.2,1,0.9702436957481093,High Risk
17333.0,86,1,494.25,0,0.3053209857030015,Medium Risk
17334.0,301,3,306.6,1,0.9999999999323903,High Risk
17337.0,151,7,1944.32,1,0.9981683926368587,High Risk
17338.0,17,10,6612.18,0,0.0001084036813776325,Low Risk
17339.0,94,2,243.36,1,0.5171676897194694,Medium Risk
17340.0,9,16,11891.18,0,2.9411635218745927e-05,Low Risk
17341.0,157,3,781.36,1,0.9992021176554996,High Risk
17343.0,355,1,193.64,1,0.9999999999998561,High Risk
17344.0,46,1,160.57,0,0.004853233705716461,Low Risk
17345.0,15,4,537.74,0,0.00013418656654821509,Low Risk
17346.0,4,16,2611.58,0,2.6091463906307887e-05,Low Risk
17347.0,86,1,228.96,0,0.30802510289950563,Medium Risk
17348.0,15,5,1159.52,0,0.0001270722590377171,Low Risk
17349.0,179,1,110.75,1,0.9999386395886345,High Risk
17350.0,8,5,1256.19,0,5.73796165638616e-05,Low Risk
17351.0,36,3,587.15,0,0.0014680767545962549,Low Risk
17353.0,129,2,1740.0,1,0.9810990354194066,High Risk
17354.0,51,1,1393.06,0,0.008020628712681875,Low Risk
17356.0,312,1,178.22,1,0.9999999999815321,High Risk
17357.0,24,2,388.14,0,0.000392232102425044,Low Risk
17358.0,303,2,365.85,1,0.9999999999472238,High Risk
17359.0,11,1,127.86,0,9.380602205777034e-05,Low Risk
17360.0,17,3,585.79,0,0.00017198755682194396,Low Risk
17361.0,49,3,488.2,0,0.006371592485117444,Low Risk
17362.0,239,2,312.23,1,0.9999999275293218,High Risk
17364.0,1,12,4455.73,0,1.8786143126518923e-05,Low Risk
17365.0,13,8,4801.56,0,7.906933259884537e-05,Low Risk
17367.0,238,1,168.4,1,0.9999999213866735,High Risk
17368.0,23,9,1349.52,0,0.000281526266874714,Low Risk
17370.0,73,4,446.18,0,0.08612603773903929,Low Risk
17371.0,17,3,423.89,0,0.00017332738192528467,Low Risk
17372.0,41,8,1342.68,0,0.0021995929348599974,Low Risk
17373.0,40,4,646.92,0,0.0022419667955010584,Low Risk
17374.0,219,2,495.77,1,0.9999993003656699,High Risk
17375.0,190,4,372.5,1,0.9999806796098076,High Risk
17376.0,71,2,203.2,0,0.07400465437595204,Low Risk
17377.0,24,21,3925.92,0,0.0002071872969493364,Low Risk
17379.0,11,1,404.66,0,9.256958679653283e-05,Low Risk
17381.0,9,30,20272.43,0,1.3931739011555212e-05,Low Risk
17382.0,65,1,65.4,0,0.04019321135727019,Low Risk
17383.0,4,1,199.29,0,4.240871922322539e-05,Low Risk
17384.0,19,2,336.4,0,0.0002235999316537321,Low Risk
17385.0,15,1,261.11,0,0.00014642363324960183,Low Risk
17386.0,8,6,2686.42,0,5.227170680021161e-05,Low Risk
17387.0,20,2,784.11,0,0.000245010955881233,Low Risk
17388.0,78,4,1259.56,0,0.13749783597338294,Low Risk
17389.0,1,43,31300.08,0,2.414087748077384e-06,Low Risk
17391.0,164,2,508.8,1,0.9996513154934499,High Risk
17392.0,307,2,457.91,1,0.9999999999662574,High Risk
17394.0,219,1,203.87,1,0.9999993269027884,High Risk
17396.0,39,8,7330.8,0,0.0013181514795873545,Low Risk
17397.0,22,2,696.41,0,0.00030837038206654743,Low Risk
17398.0,115,3,653.38,1,0.9165120996444386,High Risk
17400.0,126,5,2129.96,1,0.9711943679783565,High Risk
17402.0,5,13,2633.85,0,3.14213561000976e-05,Low Risk
17403.0,36,1,281.62,0,0.0015649474335764273,Low Risk
17404.0,4,18,30300.82,0,6.585509066048048e-06,Low Risk
17405.0,1,5,967.22,0,2.6392266257344776e-05,Low Risk
17406.0,330,5,1928.72,1,0.9999999999970965,High Risk
17408.0,163,1,32.65,1,0.9996277476795012,High Risk
17409.0,185,2,771.85,1,0.9999670303548038,High Risk
17410.0,16,5,1214.72,0,0.0001418859689875311,Low Risk
17411.0,12,4,748.94,0,9.466640570430785e-05,Low Risk
17412.0,3,7,1258.06,0,3.105104039488792e-05,Low Risk
17414.0,44,2,778.0,0,0.003671866394251888,Low Risk
17415.0,80,1,507.84,0,0.1823791395602275,Low Risk
17416.0,30,9,6838.34,0,0.00047694510402027096,Low Risk
17418.0,42,2,463.46,0,0.0029761165309140016,Low Risk
17419.0,11,14,4200.97,0,5.5993469898500973e-05,Low Risk
17420.0,50,3,598.83,0,0.007090465748632979,Low Risk
17422.0,16,10,1853.13,0,0.00012164003838413281,Low Risk
17423.0,45,4,663.63,0,0.003933384250694786,Low Risk
17425.0,19,2,759.1700000000001,0,0.00021911474884092857,Low Risk
17426.0,4,7,5022.26,0,2.9023607161961712e-05,Low Risk
17427.0,72,1,100.8,0,0.08438326298476284,Low Risk
17428.0,1,33,17078.45,0,6.10947232340482e-06,Low Risk
17429.0,121,4,512.12,1,0.9550212832551918,High Risk
17430.0,33,2,265.76,0,0.0010894005004455105,Low Risk
17431.0,313,1,403.3,1,0.9999999999833253,High Risk
17432.0,18,2,365.76,0,0.00019944653634472695,Low Risk
17433.0,88,1,303.16,0,0.35730793234589303,Medium Risk
17434.0,2,9,2333.42,0,2.5073415630492383e-05,Low Risk
17436.0,2,2,216.3,0,3.298377091753577e-05,Low Risk
17438.0,247,2,378.3,1,0.999999970543388,High Risk
17440.0,148,5,177.1,1,0.9977532249217799,High Risk
17442.0,29,10,2210.26,0,0.0005188545824056396,Low Risk
17443.0,220,1,534.24,1,0.9999993891822069,High Risk
17444.0,148,3,2940.04,1,0.9975590045122534,High Risk
17446.0,177,2,120.9,1,0.9999211327352133,High Risk
17447.0,40,2,541.53,0,0.0023670148732323638,Low Risk
17448.0,145,1,-4287.63,1,0.99769406017651,High Risk
17449.0,2,8,2504.86,0,2.5489421934432508e-05,Low Risk
17450.0,8,55,187482.17,0,2.2171065983702103e-09,Low Risk
17451.0,1,10,1648.95,0,2.2579001311102694e-05,Low Risk
17453.0,18,2,486.72,0,0.0001982935699868284,Low Risk
17454.0,192,4,517.53,1,0.9999844779790421,High Risk
17455.0,204,1,131.7,1,0.9999963504461988,High Risk
17456.0,365,1,249.86,1,0.9999999999999534,High Risk
17457.0,127,5,1737.7,1,0.9746596243047141,High Risk
17458.0,15,1,316.5,0,0.00014603539734282594,Low Risk
17459.0,43,2,657.3,0,0.0033000269641678725,Low Risk
17460.0,79,8,452.63000000000005,0,0.14389427951172418,Low Risk
17461.0,23,3,757.46,0,0.000335828885042236,Low Risk
17462.0,51,3,662.94,0,0.007907277417906195,Low Risk
17463.0,16,6,1881.36,0,0.00013407490106772605,Low Risk
17464.0,158,1,289.96000000000004,1,0.9993373406571582,High Risk
17466.0,10,2,763.28,0,7.929526779596267e-05,Low Risk
17468.0,10,2,137.0,0,8.171189255583177e-05,Low Risk
17469.0,16,6,1843.06,0,0.00013432126648291968,Low Risk
17470.0,45,5,1125.07,0,0.0037542341128892136,Low Risk
17472.0,191,3,710.29,1,0.9999828884568728,High Risk
17475.0,79,1,194.37,0,0.16823161492907823,Low Risk
17480.0,74,2,506.51,0,0.09952665231783192,Low Risk
17481.0,4,5,1249.34,0,3.653690473525625e-05,Low Risk
17483.0,65,3,414.04,0,0.03772066823263489,Low Risk
17486.0,261,1,396.87,1,0.9999999940812232,High Risk
17489.0,59,2,376.64,0,0.02003173554943793,Low Risk
17490.0,1,11,1926.88,0,2.1737150688346826e-05,Low Risk
17491.0,1,11,3541.92,0,2.0117705496877837e-05,Low Risk
17492.0,248,1,374.57,1,0.9999999743347954,High Risk
17495.0,8,2,497.56,0,6.407628866973975e-05,Low Risk
17496.0,359,1,271.05,1,0.9999999999999081,High Risk
17498.0,76,1,272.22,0,0.1255675645765781,Low Risk
17499.0,290,1,622.88,1,0.9999999997737179,High Risk
17500.0,17,3,1138.0,0,0.00016749508019968888,Low Risk
17501.0,221,2,288.6,1,0.9999994473258517,High Risk
17502.0,9,4,689.1,0,6.765817981501843e-05,Low Risk
17503.0,3,2,558.96,0,3.632529228133254e-05,Low Risk
17504.0,206,10,2745.28,1,0.9999958789366897,High Risk
17505.0,162,2,1145.84,1,0.9995494528537331,High Risk
17506.0,70,2,294.29,0,0.06635749423354888,Low Risk
17507.0,262,2,605.58,1,0.9999999945267044,High Risk
17508.0,281,1,387.31,1,0.999999999381777,High Risk
17509.0,58,11,6100.74,0,0.010991154867355494,Low Risk
17510.0,25,1,308.48,0,0.0004517895460473221,Low Risk
17511.0,3,46,88125.38,0,1.8433216641623104e-07,Low Risk
17512.0,29,11,2920.04,0,0.0004892884652793693,Low Risk
17513.0,72,1,513.2,0,0.08286825898974465,Low Risk
17514.0,128,1,208.65,1,0.9808218305687917,High Risk
17515.0,31,4,639.02,0,0.0008128599985749534,Low Risk
17516.0,15,5,768.08,0,0.00012947902582210598,Low Risk
17517.0,309,1,153.94,1,0.9999999999741154,High Risk
17519.0,17,7,1839.07,0,0.00014674078009457232,Low Risk
17520.0,54,1,546.81,0,0.011677673669768355,Low Risk
17521.0,24,4,721.96,0,0.00036742761414185416,Low Risk
17522.0,2,5,1070.71,0,2.94012043927749e-05,Low Risk
17523.0,11,4,652.74,0,8.494906203075726e-05,Low Risk
17524.0,361,1,145.0,1,0.9999999999999272,High Risk
17525.0,360,1,422.7,1,0.9999999999999174,High Risk
17526.0,1,8,706.7,0,2.4817229170274815e-05,Low Risk
17527.0,54,6,888.86,0,0.01016990403319389,Low Risk
17528.0,1,11,3540.1,0,2.01194608039509e-05,Low Risk
17530.0,1,10,2385.0,0,2.1796192060524734e-05,Low Risk
17531.0,121,2,293.45,1,0.9575225623090634,High Risk
17534.0,54,1,223.36,0,0.01185799510318236,Low Risk
17535.0,280,1,164.4,1,0.999999999315224,High Risk
17536.0,177,1,76.5,1,0.9999232183812737,High Risk
17537.0,30,2,897.62,0,0.000753434012734863,Low Risk
17538.0,26,1,98.42,0,0.0005108910592440238,Low Risk
17540.0,9,3,570.4,0,6.974398196745255e-05,Low Risk
17542.0,270,1,170.75,1,0.9999999978810306,High Risk
17545.0,43,3,645.96,0,0.003221600888910748,Low Risk
17547.0,372,1,-11.8,1,0.9999999999999791,High Risk
17548.0,218,3,-141.48000000000002,1,0.9999992213109918,High Risk
17549.0,24,2,148.86,0,0.00039675548707438624,Low Risk
17550.0,197,3,267.16,1,0.9999914925249936,High Risk
17551.0,359,1,306.84,1,0.9999999999999079,High Risk
17552.0,43,6,909.96,0,0.002954904307888759,Low Risk
17553.0,130,1,1487.6,1,0.9836840852494585,High Risk
17554.0,1,5,1952.45,0,2.5174733540259503e-05,Low Risk
17555.0,20,2,483.26,0,0.0002485693676625947,Low Risk
17556.0,206,1,157.9,1,0.9999970846091232,High Risk
17557.0,14,3,541.46,0,0.00012283104716017524,Low Risk
17560.0,95,5,854.95,1,0.5195609382062213,Medium Risk
17561.0,19,1,167.62,0,0.00023104598441307662,Low Risk
17562.0,14,8,1107.38,0,0.00010567034912428308,Low Risk
17564.0,24,3,454.01,0,0.00038146999907484375,Low Risk
17566.0,8,2,901.21,0,6.284836072590739e-05,Low Risk
17567.0,7,10,4012.56,0,3.969663096650249e-05,Low Risk
17569.0,332,1,344.14,1,0.9999999999980547,High Risk
17571.0,50,4,1498.51,0,0.006628716878706899,Low Risk
17572.0,71,4,226.75000000000003,0,0.07061901647066487,Low Risk
17573.0,29,4,362.9,0,0.0006572693331393726,Low Risk
17574.0,243,1,185.65,1,0.999999955266448,High Risk
17576.0,8,22,3457.78,0,3.394366423611719e-05,Low Risk
17578.0,191,2,124.74,1,0.9999837676095449,High Risk
17579.0,5,4,440.2,0,4.3584820958053526e-05,Low Risk
17580.0,253,3,215.72,1,0.9999999847858534,High Risk
17581.0,1,31,10736.11,0,8.699236083378769e-06,Low Risk
17582.0,236,1,175.27,1,0.9999999014338086,High Risk
17584.0,7,3,1227.3,0,5.3919801063495895e-05,Low Risk
17585.0,109,4,1133.07,1,0.8416597519761868,High Risk
17588.0,100,3,1240.2,1,0.66235542752341,Medium Risk
17589.0,60,4,2404.17,0,0.019382321135814052,Low Risk
17590.0,2,3,1479.22,0,3.0289469278277578e-05,Low Risk
17591.0,73,8,2215.02,0,0.07273772428338904,Low Risk
17593.0,4,6,3911.56,0,3.13755235632742e-05,Low Risk
17594.0,85,2,993.18,0,0.27217644217955894,Low Risk
17595.0,12,2,388.79,0,0.00010118668360457796,Low Risk
17596.0,23,7,2827.93,0,0.0002755328012279299,Low Risk
17597.0,214,1,2044.37,1,0.9999987069408767,High Risk
17600.0,18,1,161.67000000000002,0,0.00020643750582582758,Low Risk
17601.0,239,1,116.01,1,0.999999929957597,High Risk
17602.0,2,8,5050.77,0,2.256086887338586e-05,Low Risk
17603.0,50,5,-1165.3,0,0.007342792318514294,Low Risk
17604.0,217,2,309.36,1,0.9999991308819085,High Risk
17608.0,33,2,193.42,0,0.0010931808972226944,Low Risk
17609.0,41,6,1103.92,0,0.002337143766942855,Low Risk
17611.0,4,19,3947.87,0,2.2726392542248847e-05,Low Risk
17612.0,53,10,1992.76,0,0.007824439446857552,Low Risk
17613.0,23,17,4509.37,0,0.00019862741932253115,Low Risk
17614.0,57,1,390.07,0,0.016430815228631643,Low Risk
17615.0,130,3,329.6,1,0.9837827338009777,High Risk
17616.0,174,3,571.1999999999999,1,0.9998840942306736,High Risk
17618.0,6,3,971.58,0,4.8756237492088846e-05,Low Risk
17619.0,312,1,218.52,1,0.9999999999814964,High Risk
17620.0,60,1,81.44,0,0.02323815684170384,Low Risk
17621.0,21,4,1336.1,0,0.0002542737255249436,Low Risk
17623.0,33,1,527.05,0,0.0011027010608904231,Low Risk
17624.0,15,2,843.48,0,0.0001389228123981912,Low Risk
17625.0,18,4,2047.0,0,0.00017514666267123925,Low Risk
17628.0,81,1,75.75,0,0.20315871598988888,Low Risk
17629.0,6,9,1784.12,0,4.044089146195958e-05,Low Risk
17630.0,170,2,503.6,1,0.9998229350486166,High Risk
17631.0,2,3,528.33,0,3.170212888302289e-05,Low Risk
17633.0,31,6,1242.34,0,0.0007517081597731642,Low Risk
17634.0,36,9,2361.9700000000003,0,0.0011631447829847786,Low Risk
17636.0,9,2,265.93,0,7.253716254007903e-05,Low Risk
17637.0,31,2,547.0600000000001,0,0.0008577147704292486,Low Risk
17639.0,276,1,108.5,1,0.9999999989270925,High Risk
17640.0,87,1,621.66,0,0.3284364382655156,Medium Risk
17642.0,120,2,712.29,1,0.9517712032662341,High Risk
17643.0,373,1,101.55,1,0.9999999999999813,High Risk
17644.0,1,17,2768.98,0,1.800427873616899e-05,Low Risk
17646.0,219,4,995.66,1,0.9999992471460059,High Risk
17647.0,65,1,133.06,0,0.040068267771952146,Low Risk
17648.0,61,5,1789.55,0,0.021751044534665535,Low Risk
17649.0,135,2,861.74,1,0.9907068124656778,High Risk
17650.0,21,1,166.07999999999998,0,0.000289596848268368,Low Risk
17651.0,12,14,3886.67,0,6.363882107701268e-05,Low Risk
17652.0,25,18,4737.13,0,0.00024024367017178066,Low Risk
17653.0,29,5,1175.88,0,0.0006167637476246374,Low Risk
17654.0,277,1,117.55,1,0.9999999990412478,High Risk
17655.0,11,8,2571.74,0,7.020170173769568e-05,Low Risk
17656.0,73,5,1674.69,0,0.07977195365671316,Low Risk
17658.0,11,3,485.88,0,8.777025930806509e-05,Low Risk
17659.0,4,14,2954.75,0,2.6964064933680416e-05,Low Risk
17660.0,141,1,196.0,1,0.9955184740077493,High Risk
17663.0,26,9,1788.27,0,0.0003867868099455119,Low Risk
17664.0,19,2,604.64,0,0.00022074363688598955,Low Risk
17666.0,4,2,728.16,0,4.033936398172469e-05,Low Risk
17667.0,66,5,2055.51,0,0.03717597317388015,Low Risk
17668.0,1,2,347.75,0,2.9276608042643005e-05,Low Risk
17669.0,43,7,3406.7200000000003,0,0.0025586908021697635,Low Risk
17670.0,228,1,205.7,1,0.9999997563779605,High Risk
17671.0,16,6,1284.08,0,0.00013796885731482317,Low Risk
17672.0,44,4,3106.62,0,0.0031275950413360647,Low Risk
17673.0,1,7,1622.22,0,2.434493041231983e-05,Low Risk
17674.0,74,2,551.04,0,0.09933549772954893,Low Risk
17675.0,1,41,20098.1,0,4.339180133052682e-06,Low Risk
17676.0,4,7,1383.27,0,3.4555101388849455e-05,Low Risk
17677.0,2,43,16219.22,0,5.568999151352298e-06,Low Risk
17678.0,264,1,298.11,1,0.999999995801998,High Risk
17679.0,53,2,1992.11,0,0.009515987765841855,Low Risk
17680.0,24,1,184.4,0,0.0004059710091367933,Low Risk
17682.0,10,7,2459.33,0,6.461927092567812e-05,Low Risk
17684.0,44,1,239.41,0,0.003861301080946978,Low Risk
17685.0,17,7,3191.53,0,0.00013752980416974005,Low Risk
17686.0,7,7,5739.46,0,3.935030305098164e-05,Low Risk
17690.0,30,16,4748.45,0,0.00044359017469580486,Low Risk
17691.0,358,2,290.40000000000003,1,0.9999999999998945,High Risk
17692.0,127,5,733.44,1,0.975821903629501,High Risk
17693.0,136,3,187.02,1,0.9917539199439254,High Risk
17694.0,142,1,283.12,1,0.9959784269427924,High Risk
17695.0,132,2,765.34,1,0.9870672045157104,High Risk
17696.0,38,14,2201.05,0,0.0012984760269620314,Low Risk
17697.0,236,1,338.95,1,0.999999900657344,High Risk
17698.0,261,1,154.95,1,0.9999999941494697,High Risk
17700.0,17,6,2508.89,0,0.00014565378385629157,Low Risk
17701.0,253,1,417.95,1,0.9999999853773545,High Risk
17702.0,30,6,1719.72,0,0.0006563074914588027,Low Risk
17703.0,35,3,798.74,0,0.0012982936742340623,Low Risk
17704.0,169,2,885.19,1,0.999798111838274,High Risk
17705.0,3,10,1781.12,0,2.812155567559033e-05,Low Risk
17706.0,4,22,10097.37,0,1.5716429383310734e-05,Low Risk
17707.0,185,2,152.4,1,0.9999679949991522,High Risk
17708.0,188,2,267.08,1,0.999977066188741,High Risk
17709.0,170,1,137.45,1,0.9998302551606479,High Risk
17711.0,11,2,385.1,0,9.03983458893449e-05,Low Risk
17712.0,45,1,522.91,0,0.004262854677997324,Low Risk
17714.0,321,1,153.0,1,0.9999999999933245,High Risk
17715.0,201,1,326.4,1,0.9999948307694668,High Risk
17716.0,23,12,5505.79,0,0.00021422355564401142,Low Risk
17718.0,232,1,139.35,1,0.9999998454184492,High Risk
17719.0,38,18,5367.8,0,0.0010110289913422491,Low Risk
17720.0,26,4,1195.94,0,0.00045014915962667603,Low Risk
17722.0,96,6,2380.64,1,0.5233323657880085,Medium Risk
17723.0,127,6,3276.4000000000005,1,0.9721113435863036,High Risk
17724.0,58,4,995.65,0,0.01659115263930672,Low Risk
17725.0,16,14,3371.13,0,0.00010247461023331254,Low Risk
17727.0,9,2,1042.55,0,6.988639055276502e-05,Low Risk
17728.0,4,5,2515.6800000000003,0,3.4384894190104836e-05,Low Risk
17730.0,3,15,5288.83,0,2.1010305629354002e-05,Low Risk
17731.0,79,5,878.2,0,0.15062685781865412,Low Risk
17732.0,373,1,303.97,1,0.9999999999999811,High Risk
17733.0,39,2,692.19,0,0.002099598616566666,Low Risk
17734.0,54,3,700.63,0,0.011040825445000887,Low Risk
17735.0,2,19,13110.02,0,1.1686703605864445e-05,Low Risk
17736.0,9,4,337.49,0,6.880821221929826e-05,Low Risk
17737.0,9,2,168.24,0,7.287764082878145e-05,Low Risk
17738.0,19,5,1863.35,0,0.00019299499476332696,Low Risk
17739.0,12,8,2786.05,0,7.77905484377046e-05,Low Risk
17742.0,113,2,355.11,1,0.9010538485362379,High Risk
17744.0,4,7,2291.08,0,3.308356885210905e-05,Low Risk
17746.0,235,2,98.8,1,0.9999998873071696,High Risk
17747.0,100,2,64.65,1,0.6802320255484562,Medium Risk
17749.0,178,2,674.52,1,0.9999276595003479,High Risk
17750.0,5,9,1797.57,0,3.609925090239502e-05,Low Risk
17752.0,359,1,80.64,1,0.999999999999909,High Risk
17754.0,1,6,1739.92,0,2.481269057374709e-05,Low Risk
17757.0,1,31,5585.49,0,1.1135638895558741e-05,Low Risk
17758.0,19,8,3456.7,0,0.00016604905116834382,Low Risk
17759.0,17,3,834.99,0,0.0001699454768619253,Low Risk
17760.0,22,2,287.59,0,0.0003144717047197505,Low Risk
17761.0,33,1,712.78,0,0.0010929371008020208,Low Risk
17763.0,263,1,15.0,1,0.999999995363474,High Risk
17764.0,51,2,818.82,0,0.008043369509631127,Low Risk
17765.0,159,3,371.88,1,0.9993756901256025,High Risk
17767.0,15,1,271.2,0,0.0001463528343009254,Low Risk
17768.0,8,3,2273.1800000000003,0,5.7413774541764446e-05,Low Risk
17769.0,13,12,3960.63,0,7.458542455257329e-05,Low Risk
17770.0,199,5,1143.27,1,0.9999925632209506,High Risk
17771.0,57,2,245.81,0,0.01614626903094197,Low Risk
17772.0,11,2,182.77,0,9.127935849664648e-05,Low Risk
17774.0,97,5,1215.46,1,0.5712269455404633,Medium Risk
17775.0,255,1,56.4,1,0.9999999885340575,High Risk
17777.0,25,3,665.86,0,0.00042274274482326506,Low Risk
17779.0,21,5,642.17,0,0.00025646731427339883,Low Risk
17781.0,159,2,188.02,1,0.9993962388313863,High Risk
17783.0,72,2,283.47,0,0.0818358752012181,Low Risk
17785.0,53,1,131.94,0,0.010651242649575106,Low Risk
17786.0,85,2,278.74,0,0.2790139011929276,Low Risk
17787.0,153,4,1865.19,1,0.9986474402902387,High Risk
17788.0,74,2,1117.9,0,0.09693054305862858,Low Risk
17789.0,281,1,225.9,1,0.9999999993865423,High Risk
17790.0,27,14,1965.55,0,0.0003795317854024804,Low Risk
17791.0,30,1,106.1,0,0.0008020831945999015,Low Risk
17793.0,25,1,323.04,0,0.00045147445001391187,Low Risk
17795.0,180,2,350.39,1,0.9999431734711023,High Risk
17796.0,40,4,697.9,0,0.002236506463019832,Low Risk
17797.0,22,3,780.43,0,0.000299647835431395,Low Risk
17799.0,22,11,3026.08,0,0.000220883423621851,Low Risk
17800.0,37,9,1199.01,0,0.0013765690464752336,Low Risk
17802.0,82,4,1251.84,0,0.2003443008750923,Low Risk
17805.0,74,1,512.31,0,0.1017345554735002,Low Risk
17806.0,11,1,546.04,0,9.194435867017878e-05,Low Risk
17809.0,16,15,4627.62,0,9.413344606627946e-05,Low Risk
17811.0,4,51,7677.71,0,8.629175517474913e-06,Low Risk
17812.0,13,4,732.16,0,0.00010606807380442668,Low Risk
17813.0,14,7,1714.6,0,0.00010520276226499293,Low Risk
17816.0,37,4,36.56,0,0.0016461252634338078,Low Risk
17817.0,4,3,387.68,0,4.000386110018212e-05,Low Risk
17819.0,72,8,3661.07,0,0.06136264002944191,Low Risk
17820.0,191,2,-24.05,1,0.9999838829799225,High Risk
17824.0,51,1,298.4,0,0.008449118900296843,Low Risk
17827.0,5,5,1995.46,0,3.9467604799333146e-05,Low Risk
17828.0,9,9,1599.97,0,5.7250668335175196e-05,Low Risk
17829.0,299,1,889.24,1,0.9999999999170539,High Risk
17830.0,2,3,398.7,0,3.189974542304696e-05,Low Risk
17831.0,33,1,35.400000000000006,0,0.0011289701130648786,Low Risk
17832.0,50,1,155.37,0,0.0076052648173594575,Low Risk
17835.0,3,3,350.64,0,3.579567166660264e-05,Low Risk
17836.0,47,1,110.21,0,0.00544335263309317,Low Risk
17837.0,42,10,1560.53,0,0.002319353433080714,Low Risk
17838.0,27,6,2312.7,0,0.00045469068294477793,Low Risk
17839.0,42,1,338.8,0,0.003068464660704597,Low Risk
17841.0,2,169,40340.78,0,7.822651059364493e-08,Low Risk
17843.0,303,1,205.48,1,0.9999999999489044,High Risk
17844.0,107,1,51.56,1,0.8278751874261072,High Risk
17846.0,85,1,2033.1,0,0.26721735126460244,Low Risk
17848.0,81,9,901.2,0,0.16747404657197973,Low Risk
17849.0,218,4,605.8000000000001,1,0.9999991727471096,High Risk
17850.0,302,35,5288.63,1,0.9999999998311107,High Risk
17852.0,12,2,114.34,0,0.00010252665418509966,Low Risk
17854.0,185,2,311.26,1,0.9999677503373194,High Risk
17855.0,373,1,208.97,1,0.9999999999999811,High Risk
17856.0,2,6,1393.79,0,2.824380014923897e-05,Low Risk
17857.0,3,25,26763.34,0,5.863850614382504e-06,Low Risk
17858.0,6,12,5155.66,0,3.195077711615751e-05,Low Risk
17859.0,305,1,148.21,1,0.9999999999593461,High Risk
17860.0,369,1,252.8,1,0.9999999999999702,High Risk
17861.0,3,9,2059.2,0,2.8442360865256036e-05,Low Risk
17862.0,324,1,330.9,1,0.9999999999952021,High Risk
17863.0,59,6,3160.0,0,0.015948187850899544,Low Risk
17864.0,13,3,597.5,0,0.00010942154575419074,Low Risk
17865.0,31,27,10158.54,0,0.0002921316961436799,Low Risk
17866.0,143,2,325.7,1,0.9963093879660275,High Risk
17867.0,30,8,622.75,0,0.0006584353436318048,Low Risk
17869.0,107,5,428.18,1,0.8105962922205169,High Risk
17870.0,2,13,1889.4,0,2.320569897169338e-05,Low Risk
17871.0,205,1,155.9,1,0.9999967363814812,High Risk
17873.0,80,6,1764.36,0,0.1565770074980026,Low Risk
17874.0,185,7,658.26,1,0.9999629039508696,High Risk
17877.0,170,1,237.61,1,0.9998294382906412,High Risk
17878.0,44,1,379.45,0,0.003835564380236177,Low Risk
17879.0,174,1,178.52,1,0.9998917318300684,High Risk
17880.0,365,1,458.92,1,0.9999999999999529,High Risk
17881.0,304,1,133.35,1,0.9999999999545184,High Risk
17883.0,3,4,671.77,0,3.43897668176517e-05,Low Risk
17884.0,4,4,717.45,0,3.841676766636805e-05,Low Risk
17885.0,12,1,190.19,0,0.00010470626642418204,Low Risk
17886.0,32,3,899.61,0,0.0009210934075976022,Low Risk
17887.0,129,1,111.35,1,0.9829131497539282,High Risk
17888.0,19,10,525.78,0,0.00018189416100146023,Low Risk
17889.0,212,2,203.87,1,0.9999984790877118,High Risk
17890.0,323,2,602.09,1,0.9999999999944222,High Risk
17891.0,162,1,203.86,1,0.9995798295084232,High Risk
17892.0,56,3,244.1,0,0.014100979298144196,Low Risk
17893.0,225,1,112.25,1,0.9999996596669806,High Risk
17894.0,72,8,1119.81,0,0.06876598315018746,Low Risk
17895.0,44,1,98.0,0,0.0038874641178122857,Low Risk
17896.0,23,1,256.32,0,0.0003613870942190901,Low Risk
17897.0,173,4,541.1,1,0.9998671897959026,High Risk
17898.0,85,2,152.06,0,0.28023720899049637,Low Risk
17899.0,159,1,155.8,1,0.9994118540273057,High Risk
17900.0,165,4,15.0,1,0.9996804402164668,High Risk
17901.0,29,1,110.38,0,0.000716346563907828,Low Risk
17904.0,21,2,178.92000000000002,0,0.00028236679521422947,Low Risk
17905.0,71,4,800.24,0,0.06883577337915957,Low Risk
17906.0,247,1,72.9,1,0.9999999716790121,High Risk
17908.0,374,1,243.28,1,0.9999999999999831,High Risk
17911.0,9,1,366.23,0,7.399250348461128e-05,Low Risk
17912.0,310,6,295.61,1,0.9999999999736653,High Risk
17913.0,59,2,411.6,0,0.01999886206327938,Low Risk
17914.0,4,1,336.43,0,4.213083286309481e-05,Low Risk
17917.0,45,3,341.28,0,0.0040937727763758515,Low Risk
17919.0,88,1,1304.04,0,0.34636648894120264,Medium Risk
17920.0,4,17,4204.1,0,2.358454513254226e-05,Low Risk
17921.0,64,4,826.52,0,0.032405839849129085,Low Risk
17923.0,282,1,207.50000000000003,1,0.9999999994525339,High Risk
17924.0,1,13,2894.33,0,1.9752828063321024e-05,Low Risk
17925.0,373,1,244.08,1,0.9999999999999811,High Risk
17926.0,133,2,397.29,1,0.9886322806530546,High Risk
17928.0,45,2,212.54,0,0.004221476805823361,Low Risk
17929.0,11,5,834.5,0,8.2159836241034e-05,Low Risk
17930.0,36,5,1740.48,0,0.0013224154798490294,Low Risk
17931.0,134,2,408.36,1,0.9898285094305148,High Risk
17932.0,29,3,1331.57,0,0.0006431288343199506,Low Risk
17934.0,52,2,704.25,0,0.009045421368792017,Low Risk
17935.0,138,2,145.79,1,0.9935822287237682,High Risk
17936.0,5,1,389.84,0,4.704682404385297e-05,Low Risk
17937.0,9,7,4301.22,0,5.2841474298090025e-05,Low Risk
17939.0,160,1,99.14,1,0.9994760510406688,High Risk
17940.0,49,14,1983.58,0,0.004529420331509994,Low Risk
17941.0,131,1,304.56,1,0.9861947781820337,High Risk
17942.0,8,1,77.50000000000001,0,6.701278634654203e-05,Low Risk
17946.0,233,2,149.57999999999998,1,0.9999998584068369,High Risk
17947.0,37,1,176.68,0,0.0017605318839006572,Low Risk
17948.0,147,1,358.56000000000006,1,0.9977012314779518,High Risk
17949.0,1,52,52750.84,0,6.913663557541922e-07,Low Risk
17950.0,72,4,472.12,0,0.07755407540763017,Low Risk
17951.0,40,4,990.84,0,0.0022053866386725933,Low Risk
17954.0,5,16,2295.37,0,2.965683007496393e-05,Low Risk
17955.0,199,4,557.3,1,0.9999929454515107,High Risk
17956.0,249,1,12.75,1,0.9999999774696827,High Risk
17957.0,66,1,111.68,0,0.044688398249661684,Low Risk
17958.0,117,1,508.46,1,0.9357175970863124,High Risk
17960.0,171,1,73.78,1,0.9998488407724113,High Risk
17961.0,21,39,1296.44,0,0.00010743116114074664,Low Risk
17962.0,142,1,102.83,1,0.9960128976482319,High Risk
17964.0,32,2,471.7,0,0.0009636297980889304,Low Risk
17965.0,38,14,2622.57,0,0.001272533541898503,Low Risk
17966.0,38,5,1098.43,0,0.001708661687126585,Low Risk
17967.0,372,1,123.07,1,0.9999999999999789,High Risk
17968.0,374,1,277.35,1,0.9999999999999831,High Risk
17969.0,166,2,228.2,1,0.9997255052420256,High Risk
17970.0,211,1,582.59,1,0.9999983083233573,High Risk
17972.0,242,1,136.04,1,0.999999950037415,High Risk
17973.0,52,1,337.04,0,0.009432362066754388,Low Risk
17974.0,25,3,740.79,0,0.0004212275719071666,Low Risk
17975.0,15,14,4393.61,0,8.715467156551339e-05,Low Risk
17976.0,372,1,353.19,1,0.9999999999999787,High Risk
17977.0,29,1,288.14,0,0.0007102723154263894,Low Risk
17978.0,365,1,300.92,1,0.9999999999999534,High Risk
17979.0,36,5,737.81,0,0.0013874427542874487,Low Risk
17980.0,166,3,811.45,1,0.9997106744388766,High Risk
17984.0,145,1,152.68,1,0.9971486074509824,High Risk
17985.0,22,1,634.95,0,0.00031700383486136586,Low Risk
17986.0,56,1,20.8,0,0.014960686233161876,Low Risk
17987.0,185,1,198.57,1,0.999968705833904,High Risk
17988.0,12,8,191.17,0,8.809420539150353e-05,Low Risk
17990.0,237,3,630.84,1,0.9999999054632813,High Risk
17991.0,225,2,93.35,1,0.9999996514808802,High Risk
17994.0,122,6,629.6899999999999,1,0.9574456856742674,High Risk
17995.0,282,1,76.1,1,0.9999999994559718,High Risk
17997.0,74,12,1511.3,0,0.07603997161647938,Low Risk
17999.0,37,2,382.06,0,0.0017008963139744275,Low Risk
18001.0,12,2,417.23,0,0.00010104883381648233,Low Risk
18004.0,362,1,169.47,1,0.9999999999999349,High Risk
18005.0,4,2,249.72,0,4.127524729512175e-05,Low Risk
18006.0,23,1,444.68,0,0.0003581396666132603,Low Risk
18008.0,70,9,2116.19,0,0.05195127524204906,Low Risk
18009.0,235,2,252.24,1,0.9999998864751642,High Risk
18010.0,257,1,174.8,1,0.9999999908000375,High Risk
18011.0,373,1,102.79,1,0.9999999999999813,High Risk
18013.0,155,2,187.29,1,0.9990518482451971,High Risk
18014.0,28,1,166.42,0,0.0006381841553997482,Low Risk
18015.0,4,1,120.03,0,4.257015847944445e-05,Low Risk
18016.0,32,5,1483.56,0,0.0008525967289652491,Low Risk
18017.0,81,3,523.0,0,0.19193929910510982,Low Risk
18018.0,108,2,122.14,1,0.8396347970605492,High Risk
18019.0,52,1,38.45,0,0.009567049125274653,Low Risk
18022.0,36,1,668.11,0,0.0015362630015674666,Low Risk
18024.0,153,3,236.78,1,0.9987793404621412,High Risk
18027.0,99,1,115.31,1,0.6601932132541873,Medium Risk
18030.0,4,3,220.7,0,4.032536135551073e-05,Low Risk
18032.0,334,1,73.5,1,0.9999999999984679,High Risk
18033.0,65,1,97.97,0,0.04013301980121013,Low Risk
18034.0,22,2,422.88,0,0.00031243936163882633,Low Risk
18035.0,36,3,730.4,0,0.0014580441798779775,Low Risk
18036.0,32,3,405.62,0,0.0009431458979069043,Low Risk
18037.0,154,6,70.02,1,0.998835202059864,High Risk
18040.0,19,2,357.20000000000005,0,0.00022337713198996534,Low Risk
18041.0,12,22,4161.14,0,5.1556661618723857e-05,Low Risk
18042.0,54,1,165.04999999999998,0,0.011890794016701787,Low Risk
18043.0,25,3,559.51,0,0.00042490262525923757,Low Risk
18044.0,4,11,2085.65,0,3.0270982132104854e-05,Low Risk
18045.0,45,1,189.4,0,0.004331260609045089,Low Risk
18048.0,203,2,172.29000000000002,1,0.9999958039078223,High Risk
18050.0,359,1,74.4,1,0.999999999999909,High Risk
18053.0,66,2,297.07,0,0.04327728538245449,Low Risk
18055.0,7,11,6752.14,0,3.3962723127630134e-05,Low Risk
18056.0,288,1,363.65,1,0.9999999997198814,High Risk
18058.0,10,1,170.16,0,8.36199830711901e-05,Low Risk
18059.0,9,4,296.71,0,6.894285255909166e-05,Low Risk
18061.0,22,10,2119.41,0,0.00023645532828498443,Low Risk
18062.0,173,3,720.52,1,0.999869307146924,High Risk
18064.0,133,2,814.0,1,0.988405565448434,High Risk
18065.0,6,15,2380.08,0,3.389375218906528e-05,Low Risk
18066.0,75,1,318.0,0,0.11346214174390243,Low Risk
18067.0,40,1,396.33,0,0.002442907420864334,Low Risk
18068.0,289,1,101.7,1,0.9999999997529165,High Risk
18069.0,26,7,2021.82,0,0.0004018229061234071,Low Risk
18071.0,258,2,453.0,1,0.9999999914640912,High Risk
18072.0,155,2,0.0,1,0.999060315234211,High Risk
18073.0,114,13,3864.44,1,0.8678708121301086,High Risk
18074.0,374,1,489.6,1,0.9999999999999829,High Risk
18075.0,23,14,2538.7200000000003,0,0.00023507153685122756,Low Risk
18077.0,8,11,2633.01,0,4.632347701880969e-05,Low Risk
18078.0,217,2,336.13,1,0.9999991297658203,High Risk
18079.0,45,4,3651.97,0,0.003410182936590971,Low Risk
18080.0,19,2,1231.5,0,0.00021421008188500558,Low Risk
18081.0,36,3,343.45,0,0.0014853030218390153,Low Risk
18082.0,26,1,703.37,0,0.0004962947521935425,Low Risk
18084.0,16,2,87.53,0,0.00016126755730966124,Low Risk
18085.0,330,2,689.95,1,0.9999999999974591,High Risk
18086.0,274,1,101.34,1,0.999999998655682,High Risk
18087.0,98,4,3770.12,1,0.5749297095870659,Medium Risk
18088.0,61,1,167.67000000000002,0,0.02583999252936952,Low Risk
18092.0,2,12,9065.76,0,1.6861754753102153e-05,Low Risk
18093.0,93,5,2083.42,1,0.44856602479381036,Medium Risk
18094.0,82,7,3017.3,0,0.17612821413544907,Low Risk
18095.0,313,2,580.05,1,0.9999999999827633,High Risk
18096.0,12,3,911.15,0,9.6279543360859e-05,Low Risk
18097.0,8,7,2692.85,0,5.098205641539538e-05,Low Risk
18099.0,127,1,168.31,1,0.9786186543422879,High Risk
18101.0,11,2,223.65,0,9.110066387869258e-05,Low Risk
18102.0,1,62,256438.49,0,3.1031603030105674e-11,Low Risk
18104.0,37,1,754.64,0,0.0017125046313589353,Low Risk
18105.0,38,1,113.48000000000002,0,0.001976560454959224,Low Risk
18106.0,330,1,430.7,1,0.9999999999975517,High Risk
18108.0,249,2,264.65,1,0.9999999766262796,High Risk
18109.0,2,31,7925.32,0,1.1144090760955726e-05,Low Risk
18110.0,19,2,206.05,0,0.000225001246341664,Low Risk
18112.0,12,2,352.69,0,0.00010136193256623468,Low Risk
18113.0,369,1,76.32000000000001,1,0.9999999999999705,High Risk
18114.0,290,1,220.1,1,0.9999999997780453,High Risk
18116.0,68,8,1418.03,0,0.04428501251148339,Low Risk
18117.0,26,1,320.72,0,0.0005054781695923459,Low Risk
18118.0,11,31,5595.77,0,3.4429830717675664e-05,Low Risk
18119.0,368,1,181.12,1,0.9999999999999669,High Risk
18120.0,214,1,111.15,1,0.9999988213927644,High Risk
18121.0,149,2,673.1,1,0.998090847061326,High Risk
18122.0,8,6,1826.21,0,5.447223054975705e-05,Low Risk
18123.0,24,2,589.4399999999999,0,0.0003884666479812568,Low Risk
18125.0,30,5,1141.34,0,0.0006915917859694,Low Risk
18126.0,61,1,206.83,0,0.025792778411153797,Low Risk
18127.0,19,3,348.73,0,0.00021802252254438863,Low Risk
18129.0,243,1,112.55,1,0.9999999554229366,High Risk
18130.0,9,4,1045.74,0,6.651132819944376e-05,Low Risk
18133.0,211,2,715.5,1,0.9999982549795732,High Risk
18135.0,29,5,681.91,0,0.000631534086178911,Low Risk
18136.0,63,4,761.83,0,0.029133457172891224,Low Risk
18138.0,295,1,152.65,1,0.9999999998742124,High Risk
18139.0,17,8,8393.22,0,0.00010456751123487646,Low Risk
18141.0,361,1,-35.400000000000006,1,0.9999999999999278,High Risk
18142.0,151,4,1014.9,1,0.9983728675715016,High Risk
18143.0,117,2,1000.16,1,0.9327538404134564,High Risk
18144.0,8,12,2888.75,0,4.4643824607267885e-05,Low Risk
18145.0,13,4,2861.55,0,9.577575738515565e-05,Low Risk
18146.0,141,2,160.35,1,0.9954148399464019,High Risk
18147.0,46,2,179.34,0,0.004731268772701905,Low Risk
18149.0,51,3,612.0799999999999,0,0.00792642746422743,Low Risk
18150.0,32,3,566.58,0,0.0009359030602188384,Low Risk
18151.0,135,2,653.35,1,0.9907983401320044,High Risk
18154.0,3,2,399.19,0,3.660457609735573e-05,Low Risk
18155.0,75,4,347.82,0,0.10609090147232365,Low Risk
18156.0,13,2,734.94,0,0.00011141829801752915,Low Risk
18158.0,9,3,451.75,0,7.0141789315971e-05,Low Risk
18159.0,301,1,530.15,1,0.9999999999349525,High Risk
18160.0,57,2,638.0600000000001,0,0.015850254869095127,Low Risk
18161.0,10,6,1612.79,0,6.897647693764832e-05,Low Risk
18164.0,31,2,394.7,0,0.0008639970685652796,Low Risk
18165.0,177,1,302.46,1,0.9999223821959735,High Risk
18167.0,4,6,1355.51,0,3.546547291933615e-05,Low Risk
18168.0,176,9,1133.64,1,0.9998898397776091,High Risk
18169.0,61,1,202.65,0,0.025797814113864316,Low Risk
18170.0,33,3,980.31,0,0.0010271214760394947,Low Risk
18171.0,59,7,1208.51,0,0.017065987681705672,Low Risk
18172.0,15,25,7490.17,0,5.727400357026971e-05,Low Risk
18173.0,87,4,2106.84,0,0.2972374610555379,Low Risk
18174.0,7,1,104.0,0,5.9781210092809356e-05,Low Risk
18176.0,354,2,448.65,1,0.999999999999833,High Risk
18177.0,31,7,1314.17,0,0.0007308812266145723,Low Risk
18178.0,114,6,1573.41,1,0.897045116855927,High Risk
18179.0,9,6,1793.17,0,6.108077880387365e-05,Low Risk
18180.0,5,6,1843.75,0,3.878677080466253e-05,Low Risk
18181.0,24,1,382.8,0,0.00040212959278722603,Low Risk
18183.0,218,6,600.52,1,0.9999991311188263,High Risk
18184.0,15,1,49.8,0,0.00014791423498737683,Low Risk
18185.0,249,1,304.25,1,0.9999999771526261,High Risk
18188.0,15,4,1998.49,0,0.00012511241346821204,Low Risk
18189.0,78,3,1084.34,0,0.14146744509557801,Low Risk
18190.0,192,3,274.51,1,0.9999850316872713,High Risk
18191.0,262,1,207.8,1,0.9999999947609666,High Risk
18192.0,72,1,957.97,0,0.08126210715958619,Low Risk
18193.0,151,3,212.96,1,0.9984722445371428,High Risk
18194.0,64,2,896.0,0,0.03388024060216726,Low Risk
18196.0,95,2,689.13,1,0.5399786434962355,Medium Risk
18198.0,4,21,5083.06,0,2.0486367654215225e-05,Low Risk
18200.0,106,1,163.8,1,0.8103572147504804,High Risk
18202.0,200,3,1396.99,1,0.9999935998329709,High Risk
18203.0,157,1,160.42000000000002,1,0.999262766090261,High Risk
18204.0,71,4,1979.3,0,0.06529987842761859,Low Risk
18205.0,36,2,517.36,0,0.0015097313793003878,Low Risk
18209.0,29,1,139.10000000000002,0,0.0007153616665995376,Low Risk
18210.0,2,6,2621.38,0,2.6629658949535947e-05,Low Risk
18211.0,26,5,600.07,0,0.0004519033685886157,Low Risk
18212.0,326,1,248.42,1,0.999999999996187,High Risk
18213.0,237,1,232.48,1,0.9999999117174856,High Risk
18215.0,89,1,299.34000000000003,0,0.3836804022822001,Medium Risk
18216.0,31,1,481.75,0,0.000881877272769453,Low Risk
18217.0,29,2,621.75,0,0.0006819859906342939,Low Risk
18218.0,206,4,626.38,1,0.9999967893098048,High Risk
18219.0,3,11,2019.77,0,2.7124085218286332e-05,Low Risk
18220.0,220,2,297.78,1,0.9999993809800621,High Risk
18221.0,22,6,1033.31,0,0.00027492162614622045,Low Risk
18222.0,93,1,443.0,1,0.4927187150051272,Medium Risk
18223.0,2,27,6315.2300000000005,0,1.3287081733470849e-05,Low Risk
18224.0,264,1,158.95000000000002,1,0.9999999958299108,High Risk
18225.0,3,17,5361.02,0,1.9929564758440973e-05,Low Risk
18226.0,39,14,5192.1,0,0.001259569290779273,Low Risk
18227.0,218,1,93.75,1,0.9999992504001914,High Risk
18228.0,50,3,769.2,0,0.007033196254637583,Low Risk
18229.0,12,20,7276.9,0,4.664975186781235e-05,Low Risk
18230.0,9,10,2716.6,0,5.294419553601043e-05,Low Risk
18231.0,192,6,2066.17,1,0.9999824360636171,High Risk
18232.0,82,5,582.47,0,0.20153482049607657,Low Risk
18233.0,326,1,440.0,1,0.999999999996152,High Risk
18235.0,72,3,1796.48,0,0.07482243842546146,Low Risk
18236.0,30,6,882.24,0,0.0006831748723939183,Low Risk
18237.0,3,5,987.1,0,3.3048265679667745e-05,Low Risk
18239.0,219,5,1561.61,1,0.9999992071158254,High Risk
18240.0,46,1,422.58,0,0.004792945698303544,Low Risk
18241.0,10,18,2058.09,0,5.021643023203888e-05,Low Risk
18242.0,72,4,2232.49,0,0.07172794128024848,Low Risk
18245.0,7,8,2507.56,0,4.482469278589691e-05,Low Risk
18246.0,24,2,596.1,0,0.000388342687569103,Low Risk
18248.0,114,4,783.02,1,0.904827669766442,High Risk
18249.0,17,1,95.34,0,0.00018498414766012928,Low Risk
18250.0,301,2,342.92,1,0.9999999999339231,High Risk
18251.0,87,1,4314.72,0,0.290633641218042,Low Risk
18252.0,51,2,526.67,0,0.008155888337231762,Low Risk
18255.0,89,1,103.3,0,0.3859051725357699,Medium Risk
18256.0,355,1,-50.1,1,0.9999999999998579,High Risk
18257.0,39,12,2265.38,0,0.0015222070305284455,Low Risk
18259.0,25,3,2338.6,0,0.00039017921706956365,Low Risk
18260.0,173,8,2595.0,1,0.9998382498011034,High Risk
18261.0,43,2,324.24,0,0.003352962357905706,Low Risk
18262.0,140,1,149.48,1,0.9949964989084958,High Risk
18263.0,23,4,1211.08,0,0.0003206006122558896,Low Risk
18265.0,72,2,801.51,0,0.07998911094739074,Low Risk
18268.0,134,2,0.0,1,0.9900237285727247,High Risk
18269.0,358,2,138.9,1,0.9999999999998952,High Risk
18270.0,38,3,238.95,0,0.0018703032645229953,Low Risk
18272.0,3,7,3064.78,0,2.8474863778614684e-05,Low Risk
18273.0,2,3,204.0,0,3.2198875878895554e-05,Low Risk
18274.0,18,2,-1.7763568394002505e-15,0,0.00020297382258314403,Low Risk
18276.0,21,3,323.36,0,0.00027358620871490124,Low Risk
18277.0,58,2,97.63,0,0.01816804854904601,Low Risk
18278.0,74,1,173.9,0,0.1032267140726609,Low Risk
18280.0,278,1,180.6,1,0.9999999991410367,High Risk
18281.0,181,1,80.82,1,0.9999511143083449,High Risk
18282.0,8,3,176.6,0,6.348394718575117e-05,Low Risk
18283.0,4,16,2094.88,0,2.674581112540197e-05,Low Risk
18287.0,43,3,1837.28,0,0.0030433108842116445,Low Risk
